Date,ViaNumber,Day,numbMales,ct,sd,y,se,Initials,Notes
26-Oct,14,V,1,0,0,1,1,UHA,
26-Oct,14,V,2,1,1,1,1,UHA,
26-Oct,13,V,2,0,1,1,1,UHA,
26-Oct,13,V,2,0,1,0,1,UHA,
26-Oct,13,V,1,0,0,0,0,UHA,
26-Oct,13,V,1,0,0,0,1,UHA,
26-Oct,11,V,1,1,1,1,0,UHA,
26-Oct,11,V,1,1,1,1,1,UHA,
26-Oct,11,V,1,0,0,1,0,UHA,
26-Oct,9,V,2,0,0,0,1,UHA,
26-Oct,9,V,1,0,0,0,0,UHA,
26-Oct,8,V,1,1,1,1,1,UHA,
26-Oct,8,V,1,0,0,1,1,UHA,
26-Oct,8,V,1,1,1,0,1,UHA,
26-Oct,8,V,1,1,1,0,0,UHA,
26-Oct,6,V,3,0,1,1,0,UHA,
26-Oct,6,V,1,0,0,1,0,UHA,
26-Oct,6,V,1,0,0,1,1,UHA,
26-Oct,6,V,1,1,1,1,1,UHA,
26-Oct,6,V,1,1,1,1,0,UHA,
26-Oct,5,V,2,0,0,0,0,UHA,
26-Oct,5,V,1,1,1,0,1,UHA,
26-Oct,5,V,1,1,1,1,1,UHA,
26-Oct,4,V,1,0,0,1,0,AKT,
26-Oct,4,V,1,0,0,1,1,AKT,
26-Oct,19,V,1,0,0,0,1,AKT,
26-Oct,19,V,2,0,1,0,1,AKT,
26-Oct,19,V,1,0,0,1,1,AKT,
26-Oct,19,V,1,1,1,1,0,AKT,
26-Oct,19,V,2,1,1,1,1,AKT,
26-Oct,18,V,1,0,0,0,1,AKT,
26-Oct,18,V,1,0,0,1,1,AKT,
26-Oct,18,V,1,1,1,1,1,AKT,
26-Oct,20,V,1,1,1,0,1,AKT,
26-Oct,20,V,1,1,1,1,0,AKT,
26-Oct,20,V,1,1,1,1,1,AKT,
26-Oct,21,V,1,0,0,0,0,AKT,WT
26-Oct,21,V,1,0,0,1,1,AKT,
27-Oct,9,V,3,1,1,1,0,AKT,
27-Oct,9,V,1,1,1,1,1,AKT,
27-Oct,9,V,1,1,1,0,0,AKT,
27-Oct,9,V,1,0,0,0,0,AKT,
27-Oct,8,V,3,1,1,1,1,AKT,
27-Oct,8,V,1,0,1,0,1,AKT,
27-Oct,8,V,1,0,0,1,1,AKT,
27-Oct,8,V,2,0,0,0,0,AKT,
27-Oct,8,V,1,0,0,1,0,AKT,
27-Oct,6,V,2,1,1,1,0,AKT,
27-Oct,6,V,3,1,1,1,1,AKT,
27-Oct,6,V,1,0,0,1,1,AKT,
27-Oct,6,V,4,0,0,0,0,AKT,
27-Oct,6,V,1,0,0,0,0,AKT,
27-Oct,5,V,3,0,1,1,1,UHA,
27-Oct,5,V,1,1,1,1,1,UHA,
27-Oct,5,V,1,0,0,1,1,UHA,
27-Oct,5,V,1,0,0,1,0,UHA,
27-Oct,4,V,3,0,0,1,1,UHA,
27-Oct,4,V,4,1,1,1,0,UHA,
27-Oct,4,V,3,1,1,1,1,UHA,
27-Oct,4,V,1,0,0,1,0,UHA,
27-Oct,4,V,5,0,0,0,0,UHA,
27-Oct,4,V,2,1,1,0,0,UHA,
27-Oct,3,V,1,0,1,1,1,UHA,
27-Oct,3,V,1,0,0,1,1,UHA,
27-Oct,3,V,1,1,1,1,1,UHA,
27-Oct,2,V,1,0,0,0,1,UHA,
27-Oct,2,V,6,0,0,1,1,UHA,
27-Oct,2,V,4,1,1,1,0,UHA,
27-Oct,2,V,5,1,1,0,0,UHA,
27-Oct,2,V,3,0,0,0,1,UHA,
27-Oct,2,V,1,0,0,1,0,UHA,
27-Oct,2,V,2,1,1,1,1,UHA,
27-Oct,11,V,5,1,1,1,0,UHA,
27-Oct,11,V,6,0,0,0,0,UHA,
27-Oct,11,V,2,1,1,1,1,UHA,
27-Oct,11,V,2,0,0,1,0,UHA,
27-Oct,11,V,3,0,0,0,1,UHA,
27-Oct,14,V,2,0,0,0,0,UHA,
27-Oct,14,V,1,0,0,0,1,UHA,
27-Oct,14,V,1,1,1,0,1,UHA,
27-Oct,14,V,1,1,1,0,0,UHA,
27-Oct,14,V,1,0,0,1,0,UHA,
27-Oct,14,V,1,1,1,1,1,UHA,
27-Oct,19,V,2,0,0,1,0,UHA,
27-Oct,19,V,1,1,1,0,0,UHA,
27-Oct,19,V,2,0,0,0,1,UHA,
27-Oct,20,V,1,1,1,0,1,UHA,
27-Oct,20,V,1,0,0,1,1,UHA,
27-Oct,20,V,1,0,0,1,0,UHA,
27-Oct,20,V,1,0,0,0,0,UHA,
27-Oct,20,V,3,1,1,1,0,UHA,
27-Oct,20,V,1,1,1,0,0,UHA,
27-Oct,20,V,2,0,0,0,1,UHA,
27-Oct,20,V,1,1,1,1,1,UHA,
27-Oct,21,V,1,1,1,1,0,UHA,
27-Oct,21,V,1,1,1,0,0,UHA,
27-Oct,22,V,3,0,0,0,1,UHA,
27-Oct,22,V,1,1,1,1,0,UHA,
27-Oct,23,V,1,1,1,1,0,UHA,
27-Oct,23,V,1,0,0,0,1,UHA,
27-Oct,47,V,1,0,0,0,0,AKT,WT
27-Oct,47,V,3,1,1,1,0,AKT,
27-Oct,41,V,1,0,0,0,0,AKT,WT
27-Oct,34,V,1,1,1,0,0,AKT,
27-Oct,26,V,1,0,0,1,0,AKT,
27-Oct,49,V,1,1,1,1,0,AKT,
27-Oct,55,V,1,0,0,0,0,AKT,WT
27-Oct,55,V,1,0,0,1,0,AKT,
27-Oct,55,V,1,1,1,1,0,AKT,
27-Oct,56,V,1,0,0,0,0,AKT,WT
27-Oct,21,W,1,0,0,0,0,AKT,WT
27-Oct,21,W,1,1,1,0,1,AKT,
27-Oct,21,W,1,1,1,1,0,AKT,
27-Oct,23,W,1,1,1,0,0,AKT,
27-Oct,6,W,1,1,1,0,1,AKT,
27-Oct,11,W,1,0,0,0,0,AKT,WT
27-Oct,11,W,3,1,1,1,0,AKT,
27-Oct,19,W,1,0,0,0,0,AKT,WT
27-Oct,19,W,2,1,1,1,0,AKT,
27-Oct,4,W,1,0,0,0,0,AKT,WT
27-Oct,4,W,2,1,1,0,0,AKT,
27-Oct,4,W,1,0,1,1,0,AKT,
27-Oct,4,W,2,1,1,1,0,AKT,
28-Oct,11,X,2,0,0,0,1,HNT,
28-Oct,23,X,1,0,0,1,1,HNT,
28-Oct,2,V,3,0,0,0,1,UHA,
28-Oct,2,V,4,1,1,1,0,UHA,
28-Oct,2,V,2,0,1,1,0,UHA,
28-Oct,2,V,1,0,0,1,1,UHA,
28-Oct,2,V,1,1,1,0,1,UHA,
28-Oct,2,V,2,0,0,0,0,UHA,
28-Oct,2,V,1,0,1,0,1,UHA,
28-Oct,2,V,1,1,1,0,0,UHA,
28-Oct,4,V,1,0,0,0,1,UHA,
28-Oct,4,V,2,0,1,1,0,UHA,
28-Oct,4,V,1,0,0,1,0,UHA,
28-Oct,4,V,3,0,0,0,0,UHA,
28-Oct,4,V,1,1,1,0,0,UHA,
28-Oct,4,V,1,1,1,1,0,UHA,
28-Oct,4,V,2,0,1,1,1,UHA,
28-Oct,4,V,1,0,0,1,1,UHA,
28-Oct,5,V,4,0,0,1,1,UHA,
28-Oct,5,V,4,0,0,0,1,UHA,
28-Oct,8,V,1,0,0,1,0,UHA,
28-Oct,8,V,4,0,0,1,1,UHA,
28-Oct,8,V,12,0,0,0,1,UHA,
28-Oct,8,V,1,1,1,1,0,UHA,
28-Oct,8,V,3,1,1,1,1,UHA,
28-Oct,8,V,3,0,0,0,0,UHA,
28-Oct,32,V,1,0,1,1,1,UHA,
28-Oct,32,V,1,0,0,1,1,UHA,
28-Oct,30,V,2,0,0,0,0,UHA,
28-Oct,30,V,2,0,0,1,1,UHA,
28-Oct,30,V,3,0,0,0,1,UHA,
28-Oct,30,V,2,1,1,1,0,UHA,
28-Oct,29,V,1,1,1,1,1,UHA,
28-Oct,29,V,5,0,0,1,1,UHA,
28-Oct,29,V,2,0,0,1,0,UHA,
28-Oct,29,V,2,0,0,0,1,UHA,
28-Oct,29,V,2,0,0,0,0,UHA,
28-Oct,29,V,1,1,1,1,0,UHA,
28-Oct,28,V,1,0,0,1,1,UHA,
28-Oct,28,V,5,0,0,0,0,UHA,
28-Oct,28,V,1,1,1,1,0,UHA,
28-Oct,28,V,2,0,0,0,1,UHA,
28-Oct,26,V,3,0,0,0,0,UHA,
28-Oct,26,V,1,1,1,1,0,UHA,
28-Oct,26,V,1,0,1,1,1,UHA,
28-Oct,26,V,1,0,0,1,1,UHA,
28-Oct,26,V,5,0,0,0,1,UHA,
28-Oct,25,V,2,1,1,0,0,UHA,
28-Oct,25,V,1,1,1,0,1,UHA,
28-Oct,25,V,1,1,1,1,1,UHA,
28-Oct,25,V,1,0,0,0,1,UHA,
28-Oct,25,V,2,0,0,1,0,UHA,
28-Oct,25,V,1,0,1,0,0,UHA,
28-Oct,25,V,4,0,0,0,0,UHA,
28-Oct,25,V,2,1,1,1,0,UHA,
28-Oct,47,V,2,0,0,0,1,UHA,
28-Oct,47,V,1,1,1,0,0,UHA,
28-Oct,47,V,4,0,0,0,0,UHA,
28-Oct,47,V,2,0,0,1,0,UHA,
28-Oct,47,V,2,0,0,1,1,UHA,
28-Oct,47,V,2,1,1,1,1,UHA,
28-Oct,47,V,2,1,1,1,0,UHA,
28-Oct,47,V,1,0,1,1,0,UHA,
28-Oct,47,V,1,1,1,0,1,UHA,
28-Oct,45,V,4,1,1,1,1,UHA,
28-Oct,45,V,3,1,1,0,0,UHA,
28-Oct,45,V,4,0,0,0,0,UHA,
28-Oct,42,V,1,0,1,1,1,UHA,
28-Oct,42,V,1,0,1,0,0,UHA,
28-Oct,42,V,2,0,0,1,1,UHA,
28-Oct,42,V,1,0,1,1,0,UHA,
28-Oct,42,V,2,0,0,0,1,UHA,
28-Oct,42,V,2,1,1,1,1,UHA,
28-Oct,42,V,1,1,1,1,0,UHA,
28-Oct,42,V,4,0,0,0,0,UHA,
28-Oct,11,V,2,0,0,0,1,UHA,
28-Oct,11,V,3,0,0,0,0,UHA,
28-Oct,11,V,2,0,0,1,1,UHA,
28-Oct,11,V,2,0,0,1,0,UHA,
28-Oct,20,V,3,1,1,1,1,UHA,
28-Oct,20,V,2,0,1,1,1,UHA,
28-Oct,20,V,1,0,0,1,1,UHA,
28-Oct,23,V,1,1,1,1,0,UHA,
28-Oct,23,V,2,0,0,0,1,UHA,
28-Oct,23,V,3,0,0,0,0,UHA,
28-Oct,9,V,2,0,1,0,1,UHA,
28-Oct,9,V,4,0,0,0,1,UHA,
28-Oct,9,V,3,0,0,0,0,UHA,
28-Oct,9,V,1,0,0,1,1,UHA,
28-Oct,9,V,1,0,1,1,1,UHA,
28-Oct,9,V,1,1,1,1,0,UHA,
28-Oct,9,V,1,1,1,1,1,UHA,
28-Oct,33,V,5,1,1,1,1,UHA,
28-Oct,33,V,3,0,1,1,0,UHA,
28-Oct,33,V,3,0,0,1,0,UHA,
28-Oct,33,V,5,0,0,0,0,UHA,
28-Oct,37,V,1,1,1,1,0,UHA,
28-Oct,37,V,3,0,0,0,0,UHA,
28-Oct,37,V,1,1,1,0,1,UHA,
28-Oct,37,V,2,0,0,0,1,UHA,
28-Oct,34,V,1,1,1,0,1,UHA,
28-Oct,34,V,3,1,1,1,1,UHA,
28-Oct,34,V,1,0,0,1,1,UHA,
28-Oct,34,V,1,1,1,1,0,UHA,
28-Oct,34,V,4,0,0,0,1,UHA,
28-Oct,34,V,4,0,0,0,0,UHA,
28-Oct,39,V,1,1,1,0,0,UHA,
28-Oct,39,V,1,0,1,1,1,UHA,
28-Oct,39,V,1,0,1,1,0,UHA,
28-Oct,39,V,3,0,0,0,0,UHA,
28-Oct,39,V,5,1,1,1,0,UHA,
28-Oct,39,V,8,0,0,0,1,UHA,
28-Oct,39,V,2,1,1,1,1,UHA,
28-Oct,39,V,4,0,0,1,0,UHA,
28-Oct,39,V,2,0,0,1,1,UHA,
28-Oct,38,V,1,1,1,0,0,UHA,
28-Oct,38,V,2,0,0,0,1,UHA,
28-Oct,38,V,1,1,1,1,0,UHA,
28-Oct,38,V,1,0,0,1,0,UHA,
28-Oct,38,V,2,0,0,1,1,UHA,
28-Oct,40,V,2,1,1,0,0,UHA,
28-Oct,40,V,2,0,0,0,0,UHA,
28-Oct,40,V,2,0,0,1,1,UHA,
28-Oct,41,V,6,0,0,0,0,UHA,
28-Oct,41,V,4,0,0,1,1,UHA,
28-Oct,41,V,2,1,1,1,1,UHA,
28-Oct,69,V,3,1,1,1,0,UHA,
28-Oct,64,V,2,0,0,0,0,UHA,
28-Oct,84,V,1,0,0,0,0,UHA,
28-Oct,68,V,1,0,0,1,1,UHA,
28-Oct,68,V,2,0,0,0,1,UHA,
28-Oct,65,V,2,1,1,1,1,UHA,
28-Oct,63,V,1,0,0,0,1,UHA,
28-Oct,60,V,1,1,1,0,1,UHA,
28-Oct,60,V,2,0,0,0,1,UHA,
28-Oct,60,V,1,0,1,1,1,UHA,
28-Oct,60,V,2,0,0,1,1,UHA,
28-Oct,60,V,3,0,0,0,0,UHA,
28-Oct,60,V,1,0,0,1,0,UHA,
28-Oct,58,V,5,0,0,0,1,UHA,
28-Oct,58,V,7,0,1,1,1,UHA,
28-Oct,58,V,8,0,0,0,0,UHA,
28-Oct,58,V,2,1,1,1,1,UHA,
28-Oct,58,V,1,1,1,1,0,UHA,
28-Oct,58,V,1,0,1,1,0,UHA,
28-Oct,57,V,1,0,0,1,1,UHA,
28-Oct,57,V,1,0,0,1,0,UHA,
28-Oct,57,V,2,1,1,1,0,UHA,
28-Oct,56,V,5,0,0,0,1,UHA,
28-Oct,56,V,2,0,0,0,0,UHA,
28-Oct,56,V,1,0,1,1,0,UHA,
28-Oct,56,V,2,0,1,1,1,UHA,
28-Oct,56,V,1,1,1,1,0,UHA,
28-Oct,56,V,1,1,1,1,1,UHA,
28-Oct,55,V,3,0,0,1,1,UHA,
28-Oct,55,V,3,1,1,1,1,UHA,
28-Oct,55,V,2,0,0,1,1,UHA,
28-Oct,55,V,1,1,1,1,0,UHA,
28-Oct,55,V,3,0,0,0,1,UHA,
28-Oct,54,V,4,1,1,0,0,UHA,
28-Oct,54,V,6,0,0,0,0,UHA,
28-Oct,54,V,2,0,0,0,1,UHA,
28-Oct,54,V,2,0,0,1,0,UHA,
28-Oct,54,V,2,1,1,1,0,UHA,
28-Oct,54,V,1,1,1,0,1,UHA,
28-Oct,53,V,5,0,0,0,1,UHA,
28-Oct,53,V,3,0,0,0,0,UHA,
28-Oct,53,V,1,1,1,0,1,UHA,
28-Oct,53,V,1,0,1,0,1,UHA,
28-Oct,53,V,2,0,0,1,1,UHA,
28-Oct,53,V,1,0,1,1,1,UHA,
28-Oct,53,V,1,1,1,1,0,UHA,
28-Oct,53,V,1,1,1,1,1,UHA,
28-Oct,52,V,5,1,1,1,0,UHA,
28-Oct,52,V,1,0,0,1,1,UHA,
28-Oct,52,V,1,0,0,1,0,UHA,
28-Oct,52,V,1,0,0,0,1,UHA,
28-Oct,52,V,2,1,1,1,1,UHA,
28-Oct,15,W,1,0,0,0,1,ABK,
28-Oct,15,W,2,0,0,0,0,ABK,WT
28-Oct,15,W,2,0,0,1,0,ABK,
28-Oct,15,W,1,1,1,1,0,ABK,
28-Oct,13,W,2,1,1,0,0,ABK,
28-Oct,13,W,4,0,0,0,0,ABK,WT
28-Oct,13,W,2,0,0,0,1,ABK,
28-Oct,13,W,4,1,1,1,0,ABK,
28-Oct,13,W,5,0,0,1,1,ABK,
28-Oct,13,W,1,0,0,1,0,ABK,
28-Oct,11,W,1,0,0,0,1,ABK,
28-Oct,11,W,1,1,1,0,1,ABK,
28-Oct,11,W,2,0,0,0,0,ABK,WT
28-Oct,11,W,3,1,1,1,1,ABK,
28-Oct,11,W,1,1,1,1,0,ABK,
28-Oct,11,W,2,0,0,1,0,ABK,
28-Oct,9,W,1,0,0,1,0,ABK,
28-Oct,9,W,1,1,1,1,0,ABK,
28-Oct,9,W,2,0,0,0,1,ABK,
28-Oct,9,W,1,0,0,0,0,ABK,WT
28-Oct,8,W,4,0,0,0,0,ABK,WT
28-Oct,8,W,2,0,0,0,1,ABK,
28-Oct,8,W,1,1,1,1,0,ABK,
28-Oct,6,W,1,1,1,0,0,ABK,
28-Oct,6,W,6,0,0,0,0,ABK,WT
28-Oct,6,W,4,0,0,0,1,ABK,
28-Oct,6,W,2,0,0,1,1,ABK,
28-Oct,6,W,2,1,1,1,1,ABK,
28-Oct,6,W,1,0,0,1,0,ABK,
28-Oct,6,W,2,1,1,1,0,ABK,
28-Oct,5,W,2,1,1,1,1,ABK,
28-Oct,5,W,2,0,0,1,0,ABK,
28-Oct,5,W,2,0,0,0,1,ABK,
28-Oct,5,W,1,1,1,0,0,ABK,
28-Oct,4,W,1,1,1,0,0,ABK,
28-Oct,4,W,1,0,0,0,0,ABK,WT
28-Oct,4,W,4,0,0,1,0,ABK,
28-Oct,4,W,2,1,1,1,0,ABK,
28-Oct,2,W,1,0,0,0,0,ABK,WT
28-Oct,47,W,1,0,0,0,0,ABK,WT
28-Oct,47,W,1,1,1,1,1,ABK,
28-Oct,45,W,1,0,0,0,0,ABK,WT
28-Oct,45,W,1,1,1,1,1,ABK,
28-Oct,45,W,1,1,1,1,0,ABK,
28-Oct,35,W,1,1,1,1,0,ABK,
28-Oct,41,W,1,0,0,0,1,ABK,
30-Oct,33,V,3,1,1,1,0,UHA,
30-Oct,33,V,1,0,0,0,0,UHA,
30-Oct,33,V,2,0,0,0,1,UHA,
30-Oct,33,V,2,0,0,1,1,UHA,
30-Oct,33,V,2,0,0,1,0,UHA,
30-Oct,33,V,1,1,1,1,1,UHA,
30-Oct,33,V,1,1,1,0,1,UHA,
30-Oct,64,V,1,0,1,1,0,UHA,
30-Oct,64,V,1,1,1,1,0,UHA,
30-Oct,64,V,1,0,0,1,0,UHA,
30-Oct,64,V,2,0,1,1,1,UHA,
30-Oct,65,V,1,1,1,1,1,UHA,
30-Oct,65,V,2,1,1,1,0,UHA,
30-Oct,65,V,3,1,1,1,1,UHA,
30-Oct,65,V,2,0,0,1,1,UHA,
30-Oct,65,V,4,0,0,0,0,UHA,
30-Oct,65,V,1,1,1,1,0,UHA,
30-Oct,65,V,5,0,0,0,1,UHA,
30-Oct,65,V,1,0,0,1,0,UHA,
30-Oct,69,V,5,0,0,0,0,UHA,
30-Oct,69,V,1,0,0,1,0,UHA,
30-Oct,90,V,1,1,1,1,0,UHA,
30-Oct,90,V,1,0,1,1,0,UHA,
30-Oct,90,V,1,0,0,1,0,UHA,
30-Oct,90,V,1,0,1,1,1,UHA,
30-Oct,90,V,1,1,1,1,1,UHA,
30-Oct,90,V,2,1,1,0,1,UHA,
30-Oct,90,V,1,0,0,0,0,UHA,
30-Oct,92,V,6,0,0,0,0,UHA,
30-Oct,92,V,2,0,0,0,1,UHA,
30-Oct,72,V,2,0,0,1,0,UHA,
30-Oct,72,V,1,0,0,1,1,UHA,
30-Oct,72,V,2,0,0,0,0,UHA,
30-Oct,72,V,1,0,0,0,1,UHA,
30-Oct,73,V,2,1,1,1,0,UHA,
30-Oct,73,V,1,0,0,1,0,UHA,
30-Oct,73,V,1,0,0,0,1,UHA,
30-Oct,98,V,1,1,1,1,0,UHA,
30-Oct,98,V,1,0,0,1,0,UHA,
30-Oct,98,V,1,0,1,1,1,UHA,
30-Oct,98,V,1,0,0,1,1,UHA,
30-Oct,98,V,2,0,0,0,1,UHA,
30-Oct,98,V,1,0,1,1,1,UHA,
30-Oct,101,V,1,0,1,0,1,UHA,
30-Oct,101,V,1,0,1,1,1,UHA,
30-Oct,101,V,2,0,0,0,1,UHA,
30-Oct,101,V,2,1,1,1,0,UHA,
30-Oct,101,V,2,0,0,1,0,UHA,
30-Oct,101,V,1,0,0,0,0,UHA,
29-Oct,19,W,4,0,0,0,0,ABK,WT
29-Oct,19,W,2,1,1,0,0,ABK,
29-Oct,19,W,3,0,0,0,1,ABK,
29-Oct,19,W,1,0,0,1,0,ABK,
29-Oct,19,W,5,0,0,1,1,ABK,
29-Oct,19,W,1,1,1,1,1,ABK,
29-Oct,52,W,1,1,1,0,0,ABK,
29-Oct,21,W,2,0,0,0,0,ABK,WT
29-Oct,21,W,1,0,0,0,1,ABK,
29-Oct,21,W,3,1,1,1,1,ABK,
29-Oct,23,W,2,0,0,0,0,ABK,WT
29-Oct,23,W,5,0,0,0,1,ABK,
29-Oct,23,W,1,1,1,0,1,ABK,
29-Oct,23,W,1,1,1,0,0,ABK,
29-Oct,23,W,2,0,0,1,1,ABK,
29-Oct,23,W,1,0,0,1,0,ABK,
29-Oct,23,W,1,1,1,1,1,ABK,
29-Oct,54,W,1,0,0,0,0,ABK,WT
29-Oct,54,W,1,0,0,1,1,ABK,
29-Oct,49,W,1,0,0,0,1,ABK,
29-Oct,26,W,1,1,1,1,0,ABK,
29-Oct,8,V,2,0,1,1,0,ABK,
29-Oct,8,V,2,0,0,0,0,ABK,
29-Oct,25,V,2,1,1,0,1,ABK,
29-Oct,25,V,1,0,0,0,1,ABK,
29-Oct,25,V,1,0,1,1,1,ABK,
29-Oct,25,V,2,1,1,0,0,ABK,
29-Oct,25,V,4,0,0,1,0,ABK,
29-Oct,25,V,2,0,0,1,1,ABK,
29-Oct,25,V,1,1,1,1,1,ABK,
29-Oct,25,V,4,1,1,0,0,ABK,
30-Oct,70,V,2,0,0,0,1,UHA,
30-Oct,70,V,1,0,0,1,0,UHA,
30-Oct,70,V,1,1,1,0,1,UHA,
30-Oct,71,V,3,0,0,0,0,UHA,
30-Oct,71,V,1,0,0,1,1,UHA,
30-Oct,71,V,2,1,1,1,1,UHA,
30-Oct,33,V,1,1,1,1,0,UHA,
30-Oct,33,V,2,1,1,0,0,UHA,
30-Oct,33,V,7,0,0,0,0,UHA,
30-Oct,33,V,1,0,0,0,1,UHA,
30-Oct,33,V,1,0,0,1,1,UHA,
30-Oct,33,V,1,1,1,1,0,UHA,
30-Oct,31,V,3,0,0,0,1,UHA,
30-Oct,31,V,2,0,0,0,0,UHA,
30-Oct,52,V,1,0,1,0,1,UHA,
30-Oct,52,V,1,1,1,1,0,UHA,
30-Oct,52,V,1,1,1,0,1,UHA,
30-Oct,52,V,1,0,0,1,0,UHA,
30-Oct,76,V,5,0,0,0,0,UHA,
30-Oct,84,V,1,1,1,1,0,UHA,
30-Oct,84,V,1,0,0,0,1,UHA,
30-Oct,84,V,2,0,0,0,0,UHA,
30-Oct,91,V,3,1,1,1,1,UHA,
30-Oct,91,V,1,1,1,1,0,UHA,
30-Oct,91,V,1,0,1,0,0,UHA,
30-Oct,91,V,2,0,0,0,0,UHA,
30-Oct,93,V,2,0,0,0,0,UHA,
30-Oct,93,V,1,0,0,1,1,UHA,
30-Oct,93,V,1,0,0,1,0,UHA,
30-Oct,97,V,6,0,0,0,1,UHA,
30-Oct,103,V,3,0,0,0,0,UHA,
30-Oct,103,V,1,0,0,1,0,UHA,
30-Oct,103,V,1,1,1,1,0,UHA,
30-Oct,103,V,3,1,1,1,1,UHA,
30-Oct,103,V,1,0,1,1,1,UHA,
30-Oct,89,V,3,0,0,1,0,UHA,
30-Oct,89,V,2,0,0,0,1,UHA,
30-Oct,89,V,1,0,0,1,1,UHA,
30-Oct,89,V,3,0,0,0,0,UHA,
30-Oct,86,V,5,0,0,0,0,UHA,
30-Oct,86,V,2,1,1,1,0,UHA,
30-Oct,86,V,1,1,1,1,1,UHA,
30-Oct,86,V,1,0,0,1,1,UHA,
30-Oct,86,V,1,0,0,0,0,UHA,
30-Oct,104,V,1,0,0,0,0,UHA,WT
30-Oct,104,V,2,0,1,0,0,UHA,
30-Oct,104,V,1,0,0,0,1,UHA,
30-Oct,104,V,1,1,1,1,1,UHA,
30-Oct,87,V,1,0,0,0,1,UHA,
30-Oct,87,V,1,0,0,1,1,UHA,
30-Oct,87,V,1,0,0,0,0,UHA,
30-Oct,116,V,1,0,0,0,0,UHA,
30-Oct,121,V,1,0,0,0,1,UHA,
30-Oct,114,V,1,0,0,0,0,UHA,
30-Oct,113,V,1,0,0,0,0,UHA,
30-Oct,113,V,1,0,0,1,0,UHA,
30-Oct,113,V,1,1,1,0,0,UHA,
30-Oct,101,V,2,0,0,0,0,UHA,
30-Oct,101,V,1,0,0,0,1,UHA,
30-Oct,101,V,7,1,1,1,1,UHA,
30-Oct,104,V,4,0,0,1,0,UHA,
30-Oct,104,V,5,0,0,0,0,UHA,
30-Oct,104,V,3,0,0,0,1,UHA,
30-Oct,108,V,3,1,1,0,0,UHA,
30-Oct,108,V,2,0,0,0,1,UHA,
30-Oct,112,V,1,0,1,1,1,UHA,
30-Oct,112,V,1,1,1,1,0,UHA,
30-Oct,112,V,2,1,1,1,1,UHA,
30-Oct,112,V,1,0,1,1,0,UHA,
30-Oct,128,V,1,0,0,0,1,UHA,
30-Oct,128,V,10,0,0,0,0,UHA,
30-Oct,121,V,2,1,1,1,1,UHA,
30-Oct,121,V,1,0,0,1,1,UHA,
30-Oct,121,V,1,0,1,0,1,UHA,
30-Oct,121,V,2,0,1,1,1,UHA,
30-Oct,121,V,1,0,0,0,0,UHA,
30-Oct,92,V,1,0,0,0,1,UHA,
30-Oct,92,V,1,0,1,1,0,UHA,
30-Oct,92,V,2,1,1,1,0,UHA,
30-Oct,92,V,3,0,0,0,0,UHA,
30-Oct,92,V,1,0,0,1,0,UHA,
30-Oct,92,V,1,0,0,1,1,UHA,
30-Oct,120,V,1,1,1,1,1,UHA,
30-Oct,115,V,1,0,0,0,0,UHA,
30-Oct,115,V,2,0,0,1,1,UHA,
30-Oct,115,V,2,0,0,0,0,UHA,
30-Oct,115,V,1,0,0,0,1,UHA,
30-Oct,53,W,2,0,0,0,0,UHA,
30-Oct,53,W,3,0,0,1,1,UHA,
30-Oct,54,W,3,0,1,1,0,UHA,
30-Oct,54,W,2,0,0,0,1,UHA,
30-Oct,54,W,1,0,0,0,0,UHA,
30-Oct,54,W,1,0,0,1,1,UHA,
30-Oct,73,W,2,0,0,0,1,UHA,
30-Oct,25,W,4,0,0,0,0,UHA,
30-Oct,25,W,3,1,1,1,0,UHA,
30-Oct,25,W,3,0,0,1,1,UHA,
30-Oct,25,W,1,0,1,1,1,UHA,
30-Oct,25,W,2,0,0,0,1,UHA,
30-Oct,65,W,1,0,0,0,1,UHA,
30-Oct,65,W,1,0,1,1,1,UHA,
30-Oct,65,W,2,1,1,1,0,UHA,
30-Oct,65,W,3,1,1,1,1,UHA,
30-Oct,65,W,2,1,1,0,0,UHA,
30-Oct,65,W,1,1,1,0,1,UHA,
30-Oct,65,W,3,0,0,1,0,UHA,
30-Oct,65,W,2,0,0,1,1,UHA,
30-Oct,42,W,1,1,1,0,1,UHA,
30-Oct,42,W,1,0,0,1,0,UHA,
30-Oct,42,W,1,0,0,1,1,UHA,
30-Oct,42,W,1,1,1,1,0,UHA,
30-Oct,42,W,1,1,1,1,1,UHA,
30-Oct,42,W,2,0,0,0,0,UHA,
30-Oct,33,W,3,0,0,0,1,UHA,
30-Oct,33,W,1,0,0,0,0,UHA,
30-Oct,101,W,1,0,0,0,0,UHA,
30-Oct,84,W,1,0,0,0,0,UHA,
30-Oct,84,W,3,1,1,1,0,UHA,
30-Oct,74,W,1,0,0,0,0,UHA,
30-Oct,74,W,1,0,0,1,0,UHA,
30-Oct,74,W,1,0,1,1,1,UHA,
30-Oct,35,W,2,0,0,0,0,UHA,
30-Oct,35,W,1,0,0,0,1,UHA,
30-Oct,35,W,2,0,0,1,1,UHA,
30-Oct,35,W,3,1,1,1,1,UHA,
30-Oct,62,W,1,0,0,0,1,UHA,
30-Oct,62,W,2,0,0,0,0,UHA,
30-Oct,62,W,1,1,1,1,0,UHA,
30-Oct,62,W,1,0,0,0,0,UHA,
30-Oct,64,W,2,1,1,1,0,UHA,
30-Oct,64,W,2,0,0,0,1,UHA,
30-Oct,64,W,1,1,1,0,0,UHA,
30-Oct,64,W,2,0,0,1,0,UHA,
30-Oct,64,W,1,0,0,1,0,UHA,
30-Oct,41,W,4,0,0,0,1,UHA,
30-Oct,41,W,1,1,1,1,0,UHA,
30-Oct,41,W,1,1,1,0,0,UHA,
30-Oct,41,W,6,0,0,0,0,UHA,
30-Oct,41,W,3,0,0,1,1,UHA,
30-Oct,103,W,1,0,0,0,0,UHA,
30-Oct,37,X,2,1,1,0,0,KEW,
30-Oct,37,X,1,0,0,0,1,KEW,
30-Oct,54,X,2,1,1,1,1,KEW,
30-Oct,54,X,2,1,1,1,0,KEW,
30-Oct,54,X,1,0,0,1,1,KEW,
30-Oct,54,X,1,0,0,1,0,KEW,
30-Oct,54,X,2,0,0,0,1,KEW,
30-Oct,54,X,2,0,0,0,0,KEW,
30-Oct,29,X,2,0,0,0,0,KEW,
30-Oct,6,X,2,0,1,1,1,KEW,
30-Oct,6,X,2,0,0,1,1,KEW,
30-Oct,6,X,2,0,0,1,0,KEW,
30-Oct,6,X,3,0,0,0,0,KEW,
30-Oct,6,X,3,0,0,0,1,KEW,
30-Oct,4,X,4,1,1,1,0,KEW,
30-Oct,4,X,3,0,0,1,0,KEW,
30-Oct,4,X,4,0,0,0,1,KEW,
30-Oct,4,X,1,1,1,1,1,KEW,
30-Oct,4,X,3,0,0,0,0,KEW,
30-Oct,4,X,1,1,1,0,0,KEW,
29-Oct,2,X,1,1,1,0,1,KEW,
29-Oct,2,X,1,0,0,0,1,KEW,
29-Oct,2,X,2,0,0,0,0,KEW,
29-Oct,2,X,1,1,1,1,0,KEW,
29-Oct,2,X,1,1,1,1,1,KEW,
29-Oct,2,X,1,0,0,1,1,KEW,
29-Oct,4,X,3,0,0,0,0,KEW,
29-Oct,4,X,2,1,1,0,1,KEW,
29-Oct,4,X,1,1,1,0,0,KEW,
29-Oct,4,X,5,0,0,0,1,KEW,
29-Oct,4,X,2,1,1,1,1,KEW,
29-Oct,4,X,2,1,1,1,0,KEW,
29-Oct,5,X,1,0,0,1,0,KEW,
29-Oct,5,X,1,0,0,0,0,KEW,
29-Oct,5,X,1,1,1,1,0,KEW,
29-Oct,5,X,2,1,1,0,0,KEW,
29-Oct,6,X,2,1,1,1,0,KEW,
29-Oct,6,X,1,0,1,1,0,KEW,
29-Oct,6,X,1,0,0,1,1,KEW,
29-Oct,6,X,1,1,1,0,1,KEW,
29-Oct,6,X,3,0,0,0,1,KEW,
29-Oct,6,X,1,1,1,0,0,KEW,
29-Oct,6,X,2,0,0,0,0,KEW,
29-Oct,8,X,1,1,1,0,1,KEW,
29-Oct,8,X,1,1,0,0,1,KEW,
29-Oct,8,X,1,1,1,0,0,KEW,
29-Oct,8,X,2,0,0,0,0,KEW,
29-Oct,8,X,1,1,1,1,1,KEW,
29-Oct,9,X,1,1,1,1,0,KEW,
29-Oct,11,X,2,0,1,1,1,KEW,
29-Oct,11,X,2,0,0,0,1,KEW,
29-Oct,11,X,2,0,0,1,0,KEW,
29-Oct,11,X,1,1,1,1,1,KEW,
29-Oct,11,X,2,1,1,1,0,KEW,
29-Oct,11,X,1,0,0,0,1,KEW,
29-Oct,11,X,5,0,0,0,0,KEW,
29-Oct,11,X,1,1,1,0,1,KEW,
29-Oct,11,X,1,0,1,0,0,KEW,
29-Oct,13,X,1,1,1,0,1,KEW,
29-Oct,13,X,2,0,0,0,1,KEW,
29-Oct,13,X,1,1,0,0,1,KEW,
29-Oct,13,X,1,0,0,1,1,KEW,
29-Oct,13,X,1,1,1,0,1,KEW,
29-Oct,13,X,1,0,0,0,0,KEW,
29-Oct,13,X,1,0,0,1,0,KEW,
29-Oct,14,X,2,0,0,1,0,KEW,
29-Oct,14,X,1,1,1,0,1,KEW,
30-Oct,4,X,1,1,1,0,1,KEW,
30-Oct,4,X,2,0,0,0,1,KEW,
30-Oct,56,X,3,1,1,0,0,KEW,
30-Oct,56,X,1,0,0,0,0,KEW,
30-Oct,56,X,3,0,0,0,1,KEW,
30-Oct,56,X,1,1,1,1,0,KEW,
30-Oct,56,X,1,0,0,1,0,KEW,
30-Oct,56,X,1,0,1,1,1,KEW,
30-Oct,56,X,1,1,1,1,1,KEW,
30-Oct,5,X,3,0,0,1,1,KEW,
30-Oct,5,X,1,1,1,1,0,KEW,
30-Oct,5,X,1,1,1,1,1,KEW,
30-Oct,5,X,1,0,0,1,0,KEW,
30-Oct,5,X,2,0,0,0,0,KEW,
30-Oct,5,X,3,1,1,0,0,KEW,
30-Oct,5,X,3,0,0,0,1,KEW,
30-Oct,5,X,1,1,1,0,1,KEW,
30-Oct,58,X,8,1,1,1,1,KEW,
30-Oct,58,X,1,0,1,1,1,KEW,
30-Oct,58,X,3,0,0,1,1,KEW,
30-Oct,58,X,1,1,1,1,0,KEW,
30-Oct,58,X,1,0,0,0,0,KEW,
30-Oct,58,X,2,1,1,0,0,KEW,
30-Oct,58,X,1,0,0,0,1,KEW,
30-Oct,8,X,1,1,1,0,1,KEW,
30-Oct,8,X,2,0,0,0,1,KEW,
30-Oct,8,X,1,0,0,0,0,KEW,
30-Oct,8,X,1,0,1,1,1,KEW,
30-Oct,8,X,1,0,1,1,0,KEW,
30-Oct,8,X,1,1,1,1,1,KEW,
30-Oct,8,X,1,1,1,1,0,KEW,
30-Oct,11,X,1,1,1,0,1,KEW,
30-Oct,11,X,2,0,0,0,1,KEW,
30-Oct,11,X,3,0,0,0,0,KEW,
30-Oct,11,X,2,1,1,0,0,KEW,
30-Oct,11,X,2,1,1,1,0,KEW,
30-Oct,11,X,1,0,1,1,0,KEW,
30-Oct,11,X,1,0,0,1,0,KEW,
30-Oct,23,Y,1,0,0,1,0,UHA,
30-Oct,23,Y,1,0,0,0,0,UHA,
30-Oct,23,Y,1,0,1,1,1,UHA,
30-Oct,2,Y,1,0,0,1,0,UHA,
30-Oct,2,Y,1,0,0,0,1,UHA,
30-Oct,4,Y,1,0,0,0,1,UHA,
30-Oct,4,Y,1,0,1,1,1,UHA,
30-Oct,4,Y,1,0,1,0,1,UHA,
30-Oct,4,Y,1,0,0,0,0,UHA,
30-Oct,4,Y,1,0,0,1,0,UHA,
30-Oct,14,Y,1,0,1,1,1,UHA,
30-Oct,14,Y,1,0,1,0,1,UHA,
30-Oct,13,Y,3,0,1,1,0,UHA,
30-Oct,13,Y,2,0,1,1,1,UHA,
30-Oct,13,Y,2,0,0,1,1,UHA,
30-Oct,13,Y,3,0,0,0,1,UHA,
30-Oct,11,Y,2,0,1,1,1,UHA,
30-Oct,11,Y,1,0,0,0,1,UHA,
30-Oct,11,Y,1,1,1,1,1,UHA,
30-Oct,15,Y,1,0,0,0,0,UHA,
30-Oct,15,Y,2,0,1,0,0,UHA,
30-Oct,15,Y,1,0,1,1,0,UHA,
30-Oct,15,Y,2,0,0,0,1,UHA,
30-Oct,19,Y,1,1,1,1,1,UHA,
30-Oct,19,Y,2,0,0,1,1,UHA,
30-Oct,19,Y,2,0,0,0,1,UHA,
30-Oct,19,Y,2,0,0,0,0,UHA,
30-Oct,19,Y,3,1,1,1,0,UHA,
30-Oct,19,Y,2,0,1,1,0,UHA,
30-Oct,19,Y,1,0,1,0,1,UHA,
30-Oct,6,Y,1,0,0,1,1,UHA,
30-Oct,6,Y,2,0,0,0,1,UHA,
30-Oct,6,Y,3,0,1,1,1,UHA,
30-Oct,20,Y,1,1,1,1,0,UHA,
30-Oct,7,Y,1,0,1,1,1,UHA,
30-Oct,7,Y,1,0,0,0,1,UHA,
30-Oct,8,Y,2,0,0,0,0,UHA,
30-Oct,8,Y,1,1,1,0,1,UHA,
30-Oct,8,Y,1,0,1,1,0,UHA,
30-Oct,8,Y,1,1,1,0,0,UHA,
30-Oct,8,Y,2,1,1,1,0,UHA,
30-Oct,8,Y,1,0,0,0,1,UHA,
30-Oct,8,Y,1,1,1,1,1,UHA,
30-Oct,9,Y,1,0,1,1,0,UHA,
30-Oct,9,Y,2,0,0,0,1,UHA,
30-Oct,9,Y,2,0,1,1,1,UHA,
30-Oct,9,Y,1,0,0,1,0,UHA,
30-Oct,21,Y,1,1,1,0,0,UHA,
30-Oct,21,Y,2,1,1,1,1,UHA,
30-Oct,21,Y,4,0,0,0,0,UHA,
30-Oct,21,Y,1,0,0,0,1,UHA,
30-Oct,34,W,1,0,1,1,1,UHA,
30-Oct,34,W,1,0,0,0,1,UHA,
30-Oct,34,W,2,0,0,1,0,UHA,
30-Oct,34,W,1,0,0,0,0,UHA,
30-Oct,39,W,1,1,1,0,0,UHA,
30-Oct,39,W,1,0,0,1,0,UHA,
30-Oct,39,W,1,1,1,1,1,UHA,
30-Oct,39,W,2,1,1,1,0,UHA,
30-Oct,28,W,2,0,0,0,1,UHA,
30-Oct,28,W,3,0,0,1,1,UHA,
30-Oct,28,W,1,0,0,1,0,UHA,
30-Oct,28,W,1,1,1,1,0,UHA,
30-Oct,55,W,1,1,1,1,0,UHA,
30-Oct,55,W,1,1,1,1,1,UHA,
30-Oct,55,W,5,0,0,0,0,UHA,
30-Oct,55,W,3,0,0,0,1,UHA,
30-Oct,55,W,1,1,1,0,0,UHA,
30-Oct,55,W,1,0,0,1,0,UHA,
30-Oct,47,W,1,1,1,0,1,UHA,
30-Oct,47,W,2,0,0,1,0,UHA,
30-Oct,47,W,3,0,0,0,1,UHA,
30-Oct,47,W,3,0,0,1,0,UHA,
30-Oct,47,W,3,0,0,0,0,UHA,
30-Oct,47,W,2,1,1,1,0,UHA,
30-Oct,41,W,1,0,0,0,1,UHA,
30-Oct,51,W,4,0,0,0,0,UHA,
30-Oct,51,W,3,0,0,0,1,UHA,
30-Oct,34,W,1,1,1,1,1,UHA,
30-Oct,19,W,1,1,1,1,1,UHA,
30-Oct,19,W,1,0,0,0,1,UHA,
30-Oct,19,W,1,0,0,1,1,UHA,
30-Oct,19,W,1,0,0,0,0,UHA,
30-Oct,49,W,3,0,0,0,0,UHA,
30-Oct,89,W,1,0,0,0,1,UHA,
30-Oct,89,W,1,0,0,0,0,UHA,
30-Oct,69,W,1,0,0,0,1,UHA,
30-Oct,69,W,1,0,1,1,0,UHA,
30-Oct,69,W,2,0,1,1,1,UHA,
30-Oct,70,W,1,0,0,0,0,UHA,
30-Oct,71,W,1,0,0,0,0,UHA,
30-Oct,71,W,1,0,0,0,1,UHA,
30-Oct,72,W,1,1,1,0,0,UHA,
30-Oct,72,W,1,0,0,0,0,UHA,
30-Oct,72,W,1,1,1,1,1,UHA,
30-Oct,42,W,1,0,0,0,0,UHA,
30-Oct,87,W,1,0,0,0,0,UHA,
30-Oct,38,W,2,0,0,0,1,UHA,
30-Oct,38,W,1,1,1,1,0,UHA,
30-Oct,85,W,3,0,0,1,0,UHA,
30-Oct,85,W,1,1,1,0,0,UHA,
30-Oct,85,W,1,0,0,0,1,UHA,
30-Oct,52,W,1,1,1,1,1,UHA,
30-Oct,52,W,2,0,0,0,1,UHA,
30-Oct,52,W,2,0,0,0,0,UHA,
30-Oct,52,W,1,1,1,0,0,UHA,
30-Oct,67,W,1,1,1,1,0,UHA,
30-Oct,67,W,1,0,0,1,1,UHA,
30-Oct,58,W,1,0,0,0,1,UHA,
30-Oct,58,W,2,0,0,1,0,UHA,
30-Oct,58,W,1,1,1,1,1,UHA,
30-Oct,58,W,1,0,1,1,1,UHA,
30-Oct,58,W,1,0,1,1,0,UHA,
30-Oct,58,W,2,0,0,0,0,UHA,
30-Oct,58,W,2,0,1,0,1,UHA,
30-Oct,58,W,2,0,0,1,1,UHA,
30-Oct,68,W,1,1,1,1,1,UHA,
30-Oct,68,W,1,0,0,1,0,UHA,
30-Oct,68,W,2,1,1,1,0,UHA,
30-Oct,68,W,2,0,0,0,0,UHA,
30-Oct,68,W,1,0,0,0,0,UHA,
30-Oct,30,W,1,1,1,1,0,UHA,
30-Oct,30,W,2,0,0,0,1,UHA,
30-Oct,40,X,1,1,1,0,1,HNT,
30-Oct,55,X,2,0,0,0,0,HNT,WT
30-Oct,55,X,1,0,0,0,1,HNT,
30-Oct,55,X,2,1,1,0,0,HNT,
30-Oct,55,X,1,1,1,0,1,HNT,
30-Oct,55,X,1,0,0,1,0,HNT,
30-Oct,55,X,3,1,1,1,1,HNT,
30-Oct,38,X,2,0,0,0,0,HNT,WT
30-Oct,38,X,1,0,0,1,0,HNT,
30-Oct,38,X,1,1,1,1,1,HNT,
30-Oct,14,X,2,0,0,1,0,HNT,
30-Oct,14,X,1,0,0,1,1,HNT,
30-Oct,14,X,2,1,1,1,0,HNT,
30-Oct,14,X,1,1,1,1,1,HNT,
30-Oct,14,X,2,1,1,0,1,HNT,
30-Oct,14,X,1,1,1,0,0,HNT,
30-Oct,14,X,1,0,0,0,1,HNT,
30-Oct,25,X,3,1,1,0,1,HNT,
30-Oct,25,X,4,0,0,0,0,HNT,WT
30-Oct,25,X,3,0,0,0,1,HNT,
30-Oct,28,X,1,1,1,0,1,HNT,
30-Oct,9,X,2,1,1,0,0,HNT,
30-Oct,9,X,1,1,1,0,1,HNT,
30-Oct,9,X,5,0,0,0,0,HNT,WT
30-Oct,9,X,1,0,0,0,1,HNT,
30-Oct,9,X,1,1,1,1,1,HNT,
30-Oct,9,X,3,1,1,1,0,HNT,
30-Oct,9,X,1,0,0,1,1,HNT,
30-Oct,9,X,1,0,0,1,0,HNT,
30-Oct,23,X,2,0,0,0,0,HNT,WT
30-Oct,23,X,3,0,0,0,1,HNT,
30-Oct,23,X,1,0,0,1,1,HNT,
30-Oct,23,X,1,0,0,1,0,HNT,
30-Oct,23,X,2,1,1,1,0,HNT,
30-Oct,28,X,1,1,1,0,0,HNT,
30-Oct,28,X,1,0,0,1,0,HNT,
30-Oct,30,X,2,0,0,0,0,HNT,WT
30-Oct,30,X,1,0,0,0,1,HNT,
31-Oct,86,V,1,1,1,1,0,UHA,
31-Oct,86,V,2,1,1,0,0,UHA,
31-Oct,86,V,4,0,0,1,1,UHA,
31-Oct,86,V,2,0,1,1,1,UHA,
31-Oct,86,V,1,0,1,0,0,UHA,
31-Oct,69,V,1,0,0,1,0,UHA,
31-Oct,69,V,3,0,0,0,1,UHA,
31-Oct,75,V,5,0,0,1,1,UHA,
31-Oct,75,V,6,1,1,1,0,UHA,
31-Oct,75,V,1,1,1,1,1,UHA,
31-Oct,75,V,1,1,1,0,1,UHA,
31-Oct,39,V,2,0,1,1,0,UHA,
31-Oct,39,V,2,0,0,0,1,UHA,
31-Oct,98,V,1,0,0,0,1,UHA,
31-Oct,91,V,2,1,1,1,1,UHA,
31-Oct,91,V,3,0,0,1,0,UHA,
31-Oct,91,V,3,1,1,1,0,UHA,
31-Oct,91,V,1,0,1,1,0,UHA,
31-Oct,91,V,6,0,0,0,1,UHA,
31-Oct,91,V,2,0,0,0,0,UHA,
31-Oct,38,V,1,0,1,0,1,UHA,
31-Oct,38,V,2,0,0,0,1,UHA,
31-Oct,38,V,1,1,1,1,0,UHA,
31-Oct,74,V,1,0,0,1,0,UHA,
31-Oct,74,V,1,1,1,1,1,UHA,
31-Oct,115,V,3,1,1,1,1,UHA,
31-Oct,115,V,8,0,0,0,0,UHA,
31-Oct,115,V,3,1,1,1,0,UHA,
31-Oct,115,V,2,1,1,0,1,UHA,
31-Oct,115,V,1,0,0,0,1,UHA,
31-Oct,115,V,2,1,1,0,0,UHA,
31-Oct,115,V,1,0,1,0,0,UHA,
31-Oct,115,V,1,0,1,1,1,UHA,
31-Oct,121,V,2,0,0,0,0,UHA,
31-Oct,121,V,1,1,1,1,0,UHA,
31-Oct,121,V,2,0,0,1,0,UHA,
31-Oct,121,V,3,0,0,0,1,UHA,
31-Oct,112,V,2,0,0,0,1,UHA,
31-Oct,112,V,1,1,1,0,1,UHA,
31-Oct,112,V,1,0,0,0,0,UHA,
31-Oct,116,V,1,0,0,0,1,UHA,
31-Oct,116,V,1,1,1,1,1,UHA,
31-Oct,116,V,2,0,0,0,0,UHA,
31-Oct,108,V,3,0,0,0,1,UHA,
31-Oct,108,V,2,0,1,1,0,UHA,
31-Oct,108,V,2,1,1,1,0,UHA,
31-Oct,108,V,2,0,0,0,0,UHA,
31-Oct,108,V,2,1,1,1,1,UHA,
31-Oct,108,V,2,0,1,1,1,UHA,
31-Oct,108,V,2,0,0,1,1,UHA,
31-Oct,115,V,1,0,0,0,1,UHA,
31-Oct,115,V,1,1,1,1,1,UHA,
31-Oct,115,V,5,1,1,1,0,UHA,
31-Oct,115,V,2,0,0,0,1,UHA,
31-Oct,115,V,2,1,1,1,1,UHA,
31-Oct,115,V,1,0,0,1,1,UHA,
31-Oct,115,V,1,0,1,1,1,UHA,
31-Oct,115,V,2,0,0,0,1,UHA,
31-Oct,115,V,1,1,1,0,1,UHA,
31-Oct,113,V,1,1,1,1,1,UHA,
31-Oct,113,V,2,0,0,1,1,UHA,
31-Oct,113,V,8,0,0,0,1,UHA,
31-Oct,113,V,3,0,0,1,0,UHA,
31-Oct,113,V,6,1,1,1,0,UHA,
31-Oct,113,V,6,0,0,0,0,UHA,
31-Oct,113,V,2,1,1,0,0,UHA,
31-Oct,124,V,1,0,0,0,1,UHA,
31-Oct,123,V,2,1,1,1,1,UHA,
31-Oct,123,V,1,0,1,1,1,UHA,
31-Oct,123,V,1,1,1,0,0,UHA,
31-Oct,123,V,1,0,0,0,1,UHA,
31-Oct,123,V,1,0,0,0,1,UHA,
31-Oct,128,V,1,0,1,1,0,UHA,
31-Oct,128,V,2,0,0,1,1,UHA,
31-Oct,128,V,1,0,0,1,0,UHA,
31-Oct,128,V,1,0,0,0,1,UHA,
31-Oct,128,V,1,0,1,0,0,UHA,
31-Oct,128,V,4,0,0,0,1,UHA,
31-Oct,128,V,12,0,0,0,0,UHA,
31-Oct,128,V,2,1,1,0,1,UHA,
31-Oct,128,V,4,1,1,0,0,UHA,
31-Oct,125,V,1,0,1,0,1,UHA,
31-Oct,125,V,1,0,0,0,1,UHA,
31-Oct,125,V,1,1,1,0,1,UHA,
31-Oct,125,V,1,0,0,1,0,UHA,
31-Oct,125,V,2,1,1,1,1,UHA,
31-Oct,125,V,4,0,0,0,0,UHA,
31-Oct,129,V,1,1,1,1,0,UHA,
31-Oct,129,V,1,1,1,0,0,UHA,
31-Oct,129,V,3,0,0,0,0,UHA,
31-Oct,129,V,1,0,0,1,0,UHA,
31-Oct,118,V,1,1,1,1,1,UHA,
31-Oct,118,V,2,0,1,1,1,UHA,
31-Oct,118,V,1,0,0,1,1,UHA,
31-Oct,118,V,1,1,1,1,0,UHA,
31-Oct,118,V,3,0,0,0,0,UHA,
31-Oct,118,V,2,1,1,0,0,UHA,
31-Oct,118,V,1,0,1,1,0,UHA,
31-Oct,118,V,2,0,0,1,0,UHA,
31-Oct,120,V,2,1,1,0,0,UHA,
31-Oct,120,V,1,1,1,1,0,UHA,
31-Oct,120,V,3,0,0,0,0,UHA,
31-Oct,120,V,3,0,0,0,1,UHA,
31-Oct,104,V,1,0,0,0,1,UHA,
31-Oct,104,V,1,0,0,0,0,UHA,
31-Oct,33,Y,3,0,0,0,0,UHA,
31-Oct,33,Y,2,0,0,0,1,UHA,
31-Oct,33,Y,1,1,1,1,1,UHA,
31-Oct,33,Y,1,1,1,1,0,UHA,
31-Oct,39,Y,2,1,1,1,1,UHA,
31-Oct,40,Y,3,0,0,1,1,UHA,
31-Oct,13,Y,3,0,0,1,1,UHA,
31-Oct,13,Y,2,0,0,0,1,UHA,
31-Oct,13,Y,1,0,0,1,0,UHA,
31-Oct,34,Y,1,1,1,1,1,UHA,
31-Oct,34,Y,1,0,0,1,0,UHA,
31-Oct,34,Y,1,0,0,0,1,UHA,
31-Oct,25,Y,1,0,1,1,0,UHA,
31-Oct,25,Y,1,0,0,0,1,UHA,
31-Oct,25,Y,1,0,0,0,0,UHA,
31-Oct,37,Y,1,0,1,1,0,UHA,
31-Oct,37,Y,1,1,1,1,0,UHA,
31-Oct,28,Y,1,0,0,1,0,UHA,
31-Oct,28,Y,1,0,0,0,0,UHA,
31-Oct,28,X,1,0,0,0,1,UHA,
31-Oct,60,X,1,1,1,1,0,KEW,
31-Oct,60,X,1,0,0,1,0,KEW,
31-Oct,60,X,1,1,1,0,0,KEW,
31-Oct,62,X,1,1,1,1,1,KEW,
31-Oct,62,X,2,0,0,0,1,KEW,
31-Oct,62,X,1,0,0,0,0,KEW,
31-Oct,64,X,1,1,1,0,1,KEW,
31-Oct,64,X,1,0,0,1,1,KEW,
31-Oct,65,X,2,1,1,1,1,KEW,
31-Oct,65,X,1,0,0,1,0,KEW,
31-Oct,66,X,1,1,1,0,0,KEW,
31-Oct,66,X,1,1,1,1,1,KEW,
31-Oct,67,X,2,1,1,0,1,KEW,
31-Oct,67,X,1,1,1,0,0,KEW,
31-Oct,68,X,1,1,1,1,1,KEW,
31-Oct,69,X,2,0,0,1,0,KEW,
31-Oct,69,X,1,0,0,0,0,KEW,
31-Oct,70,X,1,0,0,1,0,KEW,
31-Oct,73,X,1,1,1,0,0,KEW,
31-Oct,73,X,1,0,0,0,0,KEW,
31-Oct,74,X,1,0,1,1,1,KEW,
31-Oct,74,X,1,0,0,1,0,KEW,
31-Oct,74,X,1,0,0,0,1,KEW,
31-Oct,74,X,1,0,0,0,0,KEW,
31-Oct,75,X,1,1,1,1,0,KEW,
31-Oct,75,X,1,0,0,1,0,KEW,
31-Oct,75,X,1,0,0,0,1,KEW,
31-Oct,76,X,1,0,0,0,1,KEW,
31-Oct,77,X,1,1,1,1,0,KEW,
31-Oct,77,X,1,0,1,1,0,KEW,
31-Oct,77,X,1,1,1,1,1,KEW,
31-Oct,78,X,1,0,1,1,1,KEW,
31-Oct,78,X,1,0,0,1,0,KEW,
31-Oct,82,X,1,1,1,1,0,KEW,
31-Oct,84,X,1,0,0,1,1,KEW,
31-Oct,84,X,1,0,0,0,0,KEW,
31-Oct,4,Z,3,0,0,0,0,ABK,WT
31-Oct,4,Z,2,1,1,0,0,ABK,
31-Oct,4,Z,1,0,0,0,1,ABK,
31-Oct,4,Z,1,1,1,0,1,ABK,
31-Oct,5,Z,3,0,0,0,0,ABK,WT
31-Oct,5,Z,1,1,1,0,0,ABK,
31-Oct,5,Z,1,1,1,1,0,ABK,
31-Oct,6,Z,1,0,0,0,0,ABK,WT
31-Oct,6,Z,1,1,1,0,0,ABK,
31-Oct,6,Z,1,1,1,1,1,ABK,
31-Oct,6,Z,2,0,0,1,0,ABK,
31-Oct,7,Z,1,0,0,1,1,ABK,
31-Oct,8,Z,1,1,1,1,1,ABK,
31-Oct,8,Z,1,0,0,1,0,ABK,
31-Oct,8,Z,1,0,0,0,0,ABK,WT
31-Oct,8,Z,1,0,0,0,1,ABK,
31-Oct,9,Z,2,0,0,0,0,ABK,WT
31-Oct,9,Z,1,0,0,0,1,ABK,
31-Oct,11,Z,2,0,0,0,1,ABK,
31-Oct,13,Z,1,0,0,0,0,ABK,WT
31-Oct,13,Z,1,1,1,0,0,ABK,
31-Oct,13,Z,3,0,0,1,0,ABK,
31-Oct,13,Z,2,1,1,1,1,ABK,
31-Oct,13,Z,1,0,0,1,1,ABK,
31-Oct,14,Z,2,0,0,0,0,ABK,WT
31-Oct,14,Z,2,1,1,0,0,ABK,
31-Oct,14,Z,1,1,1,0,1,ABK,
31-Oct,14,Z,2,0,0,0,1,ABK,
31-Oct,115,V,3,0,0,0,0,UHA,
31-Oct,115,V,2,0,0,1,1,UHA,
31-Oct,115,V,1,1,1,1,1,UHA,
31-Oct,115,V,2,1,1,1,0,UHA,
31-Oct,76,V,2,0,0,0,1,UHA,
31-Oct,76,V,1,0,1,0,0,UHA,
31-Oct,76,V,2,0,0,1,0,UHA,
31-Oct,76,V,2,0,0,0,1,UHA,
31-Oct,76,V,4,0,0,0,0,UHA,
31-Oct,113,V,2,1,1,0,0,UHA,
31-Oct,113,V,2,0,0,0,1,UHA,
31-Oct,113,V,2,0,0,1,1,UHA,
31-Oct,113,V,6,0,0,0,0,UHA,
31-Oct,113,V,4,0,0,0,1,UHA,
31-Oct,113,V,1,0,1,1,0,UHA,
31-Oct,84,V,1,1,1,1,1,UHA,
31-Oct,84,V,2,0,1,1,1,UHA,
31-Oct,84,V,1,0,1,0,1,UHA,
31-Oct,84,V,1,1,1,1,0,UHA,
31-Oct,84,V,4,0,0,0,1,UHA,
31-Oct,84,V,5,0,0,0,0,UHA,
31-Oct,84,V,1,1,1,0,0,UHA,
31-Oct,84,V,1,0,1,1,0,UHA,
31-Oct,84,V,1,1,1,0,1,UHA,
31-Oct,85,X,1,0,0,1,0,HNT,
31-Oct,85,X,1,1,1,1,1,HNT,
31-Oct,85,X,1,1,1,1,0,HNT,
31-Oct,8,X,2,0,0,1,1,HNT,
31-Oct,8,X,1,1,1,1,0,HNT,
31-Oct,8,X,1,1,1,0,0,HNT,
31-Oct,9,X,1,1,1,1,0,HNT,
31-Oct,9,X,1,0,0,1,1,HNT,
31-Oct,9,X,1,0,0,1,0,HNT,
31-Oct,9,X,1,0,0,0,1,HNT,
31-Oct,19,X,2,0,0,0,0,HNT,WT
31-Oct,19,X,2,1,1,0,0,HNT,
31-Oct,19,X,2,0,0,1,1,HNT,
31-Oct,24,X,1,1,1,1,1,HNT,
31-Oct,24,X,2,0,0,0,0,HNT,WT
31-Oct,25,X,2,0,0,0,0,HNT,WT
31-Oct,25,X,1,0,0,0,1,HNT,
31-Oct,25,X,2,0,0,1,1,HNT,
31-Oct,28,X,1,0,0,0,0,HNT,WT
31-Oct,28,X,1,0,0,0,1,HNT,
31-Oct,28,X,1,0,0,1,0,HNT,
31-Oct,28,X,1,1,1,1,0,HNT,
31-Oct,29,X,1,0,0,1,0,HNT,
31-Oct,29,X,1,0,0,1,1,HNT,
31-Oct,29,X,1,1,1,0,0,HNT,
31-Oct,29,X,2,0,0,0,1,HNT,
31-Oct,30,X,2,0,0,0,1,HNT,
31-Oct,30,X,2,1,1,1,1,HNT,
31-Oct,30,X,2,0,0,1,1,HNT,
31-Oct,33,X,1,1,1,0,1,HNT,
31-Oct,33,X,1,0,0,0,1,HNT,
31-Oct,33,X,1,1,1,1,1,HNT,
31-Oct,33,X,1,1,1,1,0,HNT,
31-Oct,33,X,1,0,0,1,0,HNT,
31-Oct,37,X,2,1,1,1,1,HNT,
31-Oct,37,X,4,0,0,0,1,HNT,
31-Oct,37,X,2,0,0,0,0,HNT,WT
31-Oct,37,X,1,1,1,0,0,HNT,
31-Oct,38,X,1,1,1,1,1,HNT,
31-Oct,38,X,1,0,0,1,1,HNT,
31-Oct,40,X,1,1,1,0,0,HNT,
31-Oct,40,X,1,0,0,0,1,HNT,
31-Oct,40,X,2,1,1,1,0,HNT,
31-Oct,47,X,1,1,1,0,1,HNT,
31-Oct,47,X,5,0,0,0,1,HNT,
31-Oct,47,X,2,0,0,0,0,HNT,WT
31-Oct,53,X,1,0,0,0,1,HNT,
31-Oct,53,X,2,0,0,1,1,HNT,
31-Oct,54,X,1,0,0,1,0,HNT,
31-Oct,54,X,1,0,0,0,0,HNT,WT
31-Oct,54,X,1,0,0,0,1,HNT,
31-Oct,56,X,3,0,0,1,1,HNT,
31-Oct,56,X,1,1,1,0,0,HNT,
31-Oct,56,X,1,0,0,0,0,HNT,WT
31-Oct,58,X,1,0,0,1,1,HNT,
31-Oct,58,X,1,1,1,0,1,HNT,
31-Oct,58,X,1,0,0,0,1,HNT,
31-Oct,58,Y,1,0,0,0,0,HNT,WT
31-Oct,42,Y,2,1,1,1,0,UHA,
31-Oct,42,Y,2,0,0,1,0,UHA,
31-Oct,42,Y,2,0,0,0,0,UHA,
31-Oct,4,Y,2,1,1,0,0,UHA,
31-Oct,4,Y,1,0,0,1,0,UHA,
31-Oct,4,Y,1,0,1,1,1,UHA,
31-Oct,4,Y,2,0,0,0,1,UHA,
31-Oct,42,Y,1,1,1,1,1,UHA,
31-Oct,42,Y,2,0,0,0,0,UHA,
31-Oct,42,Y,2,0,0,1,1,UHA,
31-Oct,42,Y,1,0,1,1,0,UHA,
31-Oct,42,Y,1,0,0,1,0,UHA,
31-Oct,42,Y,1,1,1,1,1,UHA,
31-Oct,42,Y,1,1,1,1,0,UHA,
31-Oct,8,Y,2,1,1,1,1,UHA,
31-Oct,8,Y,2,0,0,0,1,UHA,
31-Oct,8,Y,5,0,0,0,0,UHA,
31-Oct,8,Y,2,0,1,1,0,UHA,
31-Oct,8,Y,3,0,1,1,1,UHA,
31-Oct,9,Y,1,0,0,0,0,UHA,
31-Oct,9,Y,1,0,1,1,1,UHA,
31-Oct,9,Y,2,1,1,1,1,UHA,
31-Oct,9,Y,1,0,0,1,1,UHA,
31-Oct,11,Y,3,0,0,1,1,UHA,
31-Oct,11,Y,1,1,1,0,1,UHA,
31-Oct,11,Y,1,0,0,0,0,UHA,
31-Oct,30,Y,1,1,1,1,0,UHA,
31-Oct,30,Y,1,0,0,1,0,UHA,
31-Oct,30,Y,1,0,0,0,0,UHA,
31-Oct,6,W,3,0,0,0,0,ABK,WT
31-Oct,6,W,3,0,0,0,1,ABK,
31-Oct,6,W,2,0,0,1,1,ABK,
31-Oct,6,W,2,0,0,1,0,ABK,
31-Oct,6,W,1,1,1,1,0,ABK,
31-Oct,66,W,2,0,0,0,0,ABK,WT
31-Oct,66,W,1,1,1,1,1,ABK,
31-Oct,87,W,2,0,0,0,0,ABK,WT
31-Oct,87,W,6,0,0,0,1,ABK,
31-Oct,87,W,2,0,0,1,1,ABK,
31-Oct,76,W,4,0,0,0,0,ABK,WT
31-Oct,76,W,1,1,1,0,0,ABK,
31-Oct,76,W,1,1,1,0,1,ABK,
31-Oct,76,W,3,0,0,0,1,ABK,
31-Oct,76,W,3,0,0,1,1,ABK,
31-Oct,76,W,1,1,1,1,1,ABK,
31-Oct,76,W,2,1,1,1,0,ABK,
31-Oct,76,W,1,0,0,1,0,ABK,
31-Oct,70,W,3,0,0,0,0,ABK,WT
31-Oct,70,W,2,0,0,0,1,ABK,
31-Oct,92,W,5,0,0,0,0,ABK,WT
31-Oct,92,W,1,0,0,0,1,ABK,
31-Oct,92,W,1,0,0,1,1,ABK,
31-Oct,89,W,2,0,0,0,0,ABK,WT
31-Oct,89,W,1,0,0,0,1,ABK,
31-Oct,89,W,1,0,0,1,1,ABK,
31-Oct,101,W,2,1,1,1,1,ABK,
31-Oct,101,W,1,0,0,1,0,ABK,
31-Oct,101,W,1,1,1,0,0,ABK,
31-Oct,101,W,5,0,0,0,0,ABK,WT
31-Oct,101,W,2,0,0,0,1,ABK,
31-Oct,103,W,1,0,0,0,0,ABK,WT
31-Oct,103,W,1,0,0,0,1,ABK,
31-Oct,103,W,3,1,1,1,1,ABK,
31-Oct,103,W,1,0,0,1,1,ABK,
31-Oct,103,W,1,0,0,1,0,ABK,
31-Oct,103,W,1,1,1,1,0,ABK,
31-Oct,56,W,4,0,0,0,1,ABK,
31-Oct,56,W,1,0,0,0,0,ABK,WT
31-Oct,56,W,2,1,1,1,1,ABK,
31-Oct,56,W,1,0,0,1,1,ABK,
31-Oct,56,W,3,1,1,1,0,ABK,
31-Oct,14,Z,1,0,0,1,0,ABK,
31-Oct,14,Z,2,0,0,1,1,ABK,
31-Oct,14,Z,1,1,1,1,1,ABK,
31-Oct,15,Z,2,0,0,0,0,ABK,WT
31-Oct,15,Z,1,0,0,0,1,ABK,
31-Oct,15,Z,3,1,1,0,0,ABK,
31-Oct,15,Z,1,1,1,1,1,ABK,
31-Oct,15,Z,3,0,0,1,0,ABK,
31-Oct,15,Z,1,0,0,1,1,ABK,
31-Oct,19,Z,2,1,1,0,1,ABK,
31-Oct,19,Z,2,0,0,0,1,ABK,
31-Oct,19,Z,7,0,0,0,0,ABK,WT
31-Oct,19,Z,3,1,1,1,1,ABK,
31-Oct,19,Z,1,0,0,1,1,ABK,
31-Oct,19,Z,1,0,0,1,0,ABK,
31-Oct,20,Z,1,1,1,1,1,ABK,
31-Oct,20,Z,1,1,1,1,0,ABK,
31-Oct,20,Z,1,0,0,0,0,ABK,WT
31-Oct,21,Z,3,0,0,0,0,ABK,WT
31-Oct,21,Z,4,0,0,0,1,ABK,
31-Oct,21,Z,3,1,1,1,1,ABK,
31-Oct,21,Z,2,0,0,1,1,ABK,
31-Oct,23,Z,1,1,1,1,0,ABK,
31-Oct,23,Z,1,1,1,1,1,ABK,
31-Oct,23,Z,2,0,0,0,1,ABK,
31-Oct,23,Z,2,1,1,0,1,ABK,
31-Oct,24,Z,1,0,0,0,0,ABK,WT
31-Oct,24,Z,1,1,1,0,0,ABK,
31-Oct,24,Z,1,1,1,1,0,ABK,
31-Oct,24,Z,1,0,0,1,1,ABK,
1-Nov,91,W,1,0,0,1,1,ABK,
1-Nov,108,W,3,0,0,0,0,ABK,WT
1-Nov,108,W,1,1,1,0,0,ABK,
1-Nov,108,W,1,1,1,0,1,ABK,
1-Nov,108,W,3,0,0,1,0,ABK,
1-Nov,108,W,3,0,0,1,1,ABK,
1-Nov,108,W,1,1,1,1,1,ABK,
1-Nov,109,W,1,0,0,0,0,ABK,WT
1-Nov,109,W,1,1,1,1,0,ABK,
1-Nov,110,W,1,0,0,0,0,ABK,WT
1-Nov,110,W,2,0,0,0,1,ABK,
1-Nov,110,W,1,0,0,1,0,ABK,
1-Nov,104,X,1,1,1,0,0,HNT,
1-Nov,77,X,3,0,0,1,0,HNT,
1-Nov,77,X,6,0,0,0,0,HNT,WT
1-Nov,77,X,2,0,0,0,1,HNT,
1-Nov,85,X,1,1,1,1,0,HNT,
1-Nov,85,X,1,0,0,0,0,HNT,WT
1-Nov,87,X,3,0,0,0,0,HNT,WT
1-Nov,87,X,1,0,0,1,0,HNT,
1-Nov,91,X,1,1,1,0,1,HNT,
1-Nov,91,X,2,0,0,0,0,HNT,WT
1-Nov,96,X,2,1,1,0,0,HNT,
1-Nov,96,X,2,0,0,0,0,HNT,WT
1-Nov,98,X,1,1,1,0,1,HNT,
1-Nov,101,X,1,1,1,1,0,HNT,
1-Nov,65,X,3,1,1,0,0,HNT,
1-Nov,65,X,1,1,1,0,1,HNT,
1-Nov,65,X,3,0,0,0,1,HNT,
1-Nov,65,X,4,0,0,0,0,HNT,WT
1-Nov,65,X,4,0,0,1,1,HNT,
1-Nov,65,X,5,0,0,1,0,HNT,
1-Nov,65,X,1,0,0,1,1,HNT,
1-Nov,1,X,1,1,1,1,1,HNT,
1-Nov,1,X,1,0,0,1,0,HNT,
1-Nov,4,X,1,0,0,1,1,HNT,
1-Nov,4,X,1,0,0,1,0,HNT,
1-Nov,4,X,2,1,1,1,0,HNT,
1-Nov,4,X,1,1,1,0,1,HNT,
1-Nov,4,X,1,0,0,0,0,HNT,WT
1-Nov,9,X,1,1,1,0,0,HNT,
1-Nov,9,X,1,1,1,1,1,HNT,
1-Nov,28,X,1,0,0,0,0,HNT,WT
1-Nov,28,X,1,0,0,0,1,HNT,
1-Nov,28,X,1,1,1,0,1,HNT,
1-Nov,28,X,5,0,0,1,1,HNT,
1-Nov,28,X,2,0,0,1,0,HNT,
1-Nov,30,X,3,0,0,1,0,HNT,
1-Nov,30,X,2,1,1,1,1,HNT,
1-Nov,30,X,2,1,1,1,0,HNT,
1-Nov,30,X,2,0,0,0,0,HNT,WT
1-Nov,11,Y,1,0,1,1,1,UHA,
1-Nov,11,Y,1,0,0,1,1,UHA,
1-Nov,11,Y,2,0,0,1,0,UHA,
1-Nov,11,Y,1,0,0,0,1,UHA,
1-Nov,6,Y,1,0,1,1,1,UHA,
1-Nov,6,Y,1,0,0,0,0,UHA,
1-Nov,6,Y,2,0,0,1,1,UHA,
1-Nov,8,Y,3,0,0,0,1,UHA,
1-Nov,8,Y,4,0,1,0,1,UHA,
1-Nov,8,Y,2,1,1,1,0,UHA,
1-Nov,8,Y,1,0,0,1,0,UHA,
1-Nov,13,Y,2,0,0,0,0,UHA,
1-Nov,13,Y,2,0,0,0,1,UHA,
1-Nov,20,Y,1,0,0,1,1,UHA,
1-Nov,20,Y,1,0,0,1,0,UHA,
1-Nov,25,Y,2,0,0,0,1,UHA,
1-Nov,25,Y,2,1,1,1,1,UHA,
1-Nov,25,Y,6,0,0,1,0,UHA,
1-Nov,25,Y,5,0,0,0,0,UHA,
1-Nov,28,Y,2,0,0,0,1,UHA,
1-Nov,28,Y,5,0,0,0,0,UHA,
1-Nov,28,Y,6,1,1,1,0,UHA,
1-Nov,28,Y,1,1,1,1,1,UHA,
1-Nov,30,Y,5,0,0,0,0,UHA,
1-Nov,30,Y,2,0,0,1,1,UHA,
1-Nov,30,Y,1,0,1,1,0,UHA,
1-Nov,30,Y,1,1,1,1,0,UHA,
1-Nov,30,Y,3,1,1,1,1,UHA,
1-Nov,30,Y,3,0,0,0,1,UHA,
1-Nov,30,Y,1,0,0,1,0,UHA,
1-Nov,76,Y,11,0,0,0,0,UHA,
1-Nov,76,Y,1,0,0,0,0,UHA,
1-Nov,77,Y,1,1,1,1,1,UHA,
1-Nov,77,Y,2,0,1,1,1,UHA,
1-Nov,84,Y,1,0,0,0,0,UHA,
1-Nov,87,Y,1,0,0,0,0,UHA,
1-Nov,89,Y,1,0,0,0,1,UHA,
1-Nov,89,Y,1,0,0,0,0,UHA,
1-Nov,33,Y,3,1,1,1,1,UHA,
1-Nov,33,Y,1,0,0,1,1,UHA,
1-Nov,33,Y,2,1,1,0,1,UHA,
1-Nov,33,Y,1,1,1,1,0,UHA,
1-Nov,33,Y,1,0,0,0,0,UHA,
1-Nov,35,Y,3,1,1,1,0,UHA,
1-Nov,37,Y,4,0,0,0,0,UHA,
1-Nov,37,Y,1,1,1,0,0,UHA,
1-Nov,37,Y,1,1,1,1,0,UHA,
1-Nov,37,Y,1,0,0,1,0,UHA,
1-Nov,37,Y,2,0,0,0,1,UHA,
1-Nov,38,Y,2,0,1,0,1,UHA,
1-Nov,38,Y,1,0,0,0,0,UHA,
1-Nov,40,Y,2,1,1,1,0,UHA,
1-Nov,40,Y,2,1,1,0,1,UHA,
1-Nov,127,W,2,1,1,0,0,ABK,
1-Nov,127,W,3,0,0,1,1,ABK,
1-Nov,127,W,1,0,0,1,0,ABK,
1-Nov,128,W,2,0,0,0,1,ABK,
1-Nov,128,W,1,1,1,1,0,ABK,
1-Nov,87,W,1,1,1,1,1,ABK,
1-Nov,87,W,1,0,0,1,1,ABK,
1-Nov,87,W,1,1,1,1,0,ABK,
1-Nov,89,W,2,0,0,0,0,ABK,WT
1-Nov,89,W,1,0,0,0,1,ABK,
1-Nov,89,W,2,0,0,1,0,ABK,
1-Nov,89,W,2,0,0,1,1,ABK,
1-Nov,75,W,2,0,0,0,0,ABK,WT
1-Nov,75,W,1,1,1,1,1,ABK,
1-Nov,69,W,2,0,0,0,1,ABK,
1-Nov,25,W,1,0,0,0,0,ABK,WT
1-Nov,24,W,2,0,0,0,1,ABK,
1-Nov,24,W,2,0,0,1,1,ABK,
1-Nov,21,W,2,0,0,0,0,ABK,WT
1-Nov,21,W,2,0,0,0,1,ABK,
1-Nov,21,W,2,0,0,1,1,ABK,
1-Nov,21,W,1,0,0,1,0,ABK,
1-Nov,21,W,1,1,1,1,1,ABK,
1-Nov,37,W,1,0,0,0,0,ABK,WT
1-Nov,33,W,1,1,1,0,0,ABK,
1-Nov,33,W,1,0,0,0,0,ABK,WT
1-Nov,33,W,1,0,0,0,1,ABK,
1-Nov,33,W,1,0,0,1,1,ABK,
1-Nov,33,W,1,1,1,1,1,ABK,
1-Nov,33,W,1,1,1,1,0,ABK,
1-Nov,5,W,3,0,0,0,0,ABK,WT
1-Nov,5,W,4,0,0,0,1,ABK,
1-Nov,5,W,1,1,1,0,1,ABK,
1-Nov,111,W,1,1,1,0,0,ABK,
1-Nov,111,W,1,0,0,0,1,ABK,
1-Nov,111,W,1,0,0,1,1,ABK,
1-Nov,111,W,1,1,1,1,0,ABK,
1-Nov,112,W,2,0,0,0,0,ABK,WT
1-Nov,112,W,3,0,0,0,1,ABK,
1-Nov,112,W,2,0,0,1,0,ABK,
1-Nov,112,W,1,0,0,1,1,ABK,
1-Nov,113,W,2,0,0,0,0,ABK,WT
1-Nov,113,W,1,0,0,0,1,ABK,
1-Nov,113,W,2,1,1,1,0,ABK,
1-Nov,114,W,1,0,0,0,0,ABK,WT
1-Nov,114,W,1,1,1,0,1,ABK,
1-Nov,114,W,1,0,0,0,1,ABK,
1-Nov,114,W,1,0,0,1,1,ABK,
1-Nov,116,W,2,0,0,0,0,ABK,WT
1-Nov,116,W,1,0,0,0,1,ABK,
1-Nov,116,W,2,0,0,1,1,ABK,
1-Nov,116,W,1,1,1,1,1,ABK,
1-Nov,116,W,3,1,1,1,0,ABK,
1-Nov,116,W,1,0,0,1,0,ABK,
1-Nov,117,W,1,1,1,1,1,ABK,
1-Nov,117,W,1,0,0,0,0,ABK,WT
1-Nov,117,W,1,1,1,0,0,ABK,
1-Nov,118,W,1,0,0,0,0,ABK,WT
1-Nov,118,W,1,1,1,0,1,ABK,
1-Nov,118,W,1,0,0,0,1,ABK,
1-Nov,118,W,2,0,0,1,0,ABK,
1-Nov,118,W,1,1,1,1,0,ABK,
1-Nov,118,W,1,1,1,1,1,ABK,
1-Nov,120,W,1,0,0,1,1,ABK,
1-Nov,120,W,3,0,0,0,0,ABK,WT
1-Nov,120,W,1,1,1,0,0,ABK,
1-Nov,120,W,1,1,1,0,1,ABK,
1-Nov,120,W,1,0,0,0,1,ABK,
1-Nov,121,W,3,0,0,0,0,ABK,WT
1-Nov,121,W,4,0,0,0,1,ABK,
1-Nov,121,W,2,1,1,0,0,ABK,
1-Nov,121,W,1,0,0,1,0,ABK,
1-Nov,123,W,2,0,0,0,1,ABK,
1-Nov,127,W,2,0,0,0,0,ABK,WT
1-Nov,127,W,3,0,0,0,1,ABK,
1-Nov,5,Z,1,1,1,1,1,ABK,
1-Nov,5,Z,3,1,1,1,0,ABK,
1-Nov,20,Z,4,0,0,0,0,ABK,WT
1-Nov,20,Z,3,0,0,0,1,ABK,
1-Nov,20,Z,1,1,1,1,1,ABK,
1-Nov,20,Z,3,1,1,1,0,ABK,
1-Nov,6,Z,2,0,0,0,0,ABK,WT
1-Nov,6,Z,1,1,1,0,0,ABK,
1-Nov,6,Z,1,1,1,0,1,ABK,
1-Nov,6,Z,5,0,0,0,1,ABK,
1-Nov,6,Z,3,1,1,1,1,ABK,
1-Nov,6,Z,2,1,1,1,0,ABK,
1-Nov,23,Z,5,0,0,0,0,ABK,WT
1-Nov,23,Z,1,0,0,0,1,ABK,
1-Nov,23,Z,1,1,1,0,0,ABK,
1-Nov,23,Z,6,1,1,1,0,ABK,
1-Nov,23,Z,1,0,0,1,0,ABK,
1-Nov,9,Z,5,0,0,0,1,ABK,
1-Nov,9,Z,2,0,0,0,0,ABK,WT
1-Nov,9,Z,1,1,1,0,0,ABK,
1-Nov,47,Z,1,0,0,0,0,ABK,WT
1-Nov,47,Z,1,1,1,0,0,ABK,
1-Nov,47,Z,1,1,1,1,1,ABK,
1-Nov,40,X,2,1,1,1,0,KEW,
1-Nov,40,X,2,1,1,1,1,KEW,
1-Nov,40,X,1,0,0,1,1,KEW,
1-Nov,40,X,6,0,0,0,0,KEW,
1-Nov,40,X,2,0,0,0,1,KEW,
1-Nov,40,X,1,1,1,0,0,KEW,
1-Nov,58,X,1,0,0,1,0,KEW,
1-Nov,58,X,2,0,0,0,0,KEW,
1-Nov,62,X,3,0,0,0,0,KEW,
1-Nov,62,X,2,1,1,1,0,KEW,
1-Nov,62,X,2,1,1,1,0,KEW,
1-Nov,62,X,5,0,0,1,0,KEW,
1-Nov,62,X,1,1,1,0,0,KEW,
1-Nov,64,X,1,1,1,1,1,KEW,
1-Nov,64,X,2,0,0,1,1,KEW,
1-Nov,64,X,1,1,1,0,1,KEW,
1-Nov,64,X,1,0,0,0,1,KEW,
1-Nov,76,X,2,1,1,1,0,KEW,
1-Nov,76,X,1,0,0,1,1,KEW,
1-Nov,76,X,6,0,0,0,0,KEW,
1-Nov,76,X,3,0,0,0,1,KEW,
1-Nov,75,X,1,0,0,1,0,KEW,
1-Nov,75,X,1,0,0,1,1,KEW,
1-Nov,75,X,1,1,1,1,1,KEW,
1-Nov,75,X,3,0,0,0,0,KEW,
1-Nov,75,X,2,0,0,0,1,KEW,
1-Nov,74,X,3,1,1,0,1,KEW,
1-Nov,74,X,2,0,0,1,0,KEW,
1-Nov,74,X,1,0,0,1,1,KEW,
1-Nov,74,X,1,1,1,1,0,KEW,
1-Nov,74,X,2,0,0,0,1,KEW,
1-Nov,74,X,3,0,0,0,0,KEW,
1-Nov,73,X,1,0,0,1,0,KEW,
1-Nov,73,X,2,0,0,0,0,KEW,
1-Nov,73,X,2,0,0,0,1,KEW,
1-Nov,72,X,3,0,0,0,1,KEW,
1-Nov,72,X,2,0,0,0,0,KEW,
1-Nov,72,X,1,1,0,0,0,KEW,
1-Nov,72,X,2,1,1,1,0,KEW,
1-Nov,70,X,3,0,0,0,0,KEW,
1-Nov,70,X,1,1,1,0,0,KEW,
1-Nov,70,X,1,1,1,0,1,KEW,
1-Nov,70,X,4,0,0,0,1,KEW,
1-Nov,69,X,1,1,1,0,0,KEW,
1-Nov,69,X,2,1,1,1,1,KEW,
1-Nov,69,X,1,0,0,0,1,KEW,
1-Nov,69,X,1,0,0,0,0,KEW,
1-Nov,67,X,2,0,0,0,1,KEW,
1-Nov,67,X,3,1,1,0,0,KEW,
1-Nov,67,X,2,0,0,0,0,KEW,
1-Nov,67,X,3,1,1,1,0,KEW,
1-Nov,67,X,3,0,0,1,1,KEW,
1-Nov,66,X,1,0,0,1,0,KEW,
1-Nov,66,X,1,1,1,1,0,KEW,
1-Nov,84,X,3,0,0,0,0,KEW,
1-Nov,84,X,4,0,0,0,1,KEW,
1-Nov,84,X,3,0,0,1,1,KEW,
1-Nov,84,X,2,1,1,1,1,KEW,
1/11,73,Y,1,1,1,0,0,NRR,
1/11,54,Y,1,1,1,0,0,NRR,
1/11,54,Y,1,1,1,0,1,NRR,
1/11,54,Y,1,0,0,0,1,NRR,
1/11,54,Y,3,0,0,1,0,NRR,
1/11,54,Y,1,1,1,1,1,NRR,
1/11,54,Y,1,0,1,1,0,NRR,
1/11,72,Y,1,0,0,0,1,NRR,
1/11,55,Y,1,0,0,0,1,NRR,
1/11,55,Y,1,1,1,1,1,NRR,
1/11,74,Y,1,1,1,0,0,NRR,
1/11,74,Y,1,0,0,1,0,NRR,
1/11,74,Y,1,1,1,1,1,NRR,
1/11,56,Y,4,0,0,0,1,NRR,
1/11,56,Y,1,0,1,0,1,NRR,
1/11,56,Y,1,1,1,0,1,NRR,
1/11,56,Y,1,1,1,0,0,NRR,
1/11,56,Y,1,0,1,1,1,NRR,
1/11,56,Y,2,0,0,1,0,NRR,
1/11,56,Y,1,1,1,1,1,NRR,
1/11,42,Y,1,0,1,0,0,NRR,
1/11,42,Y,2,0,0,0,1,NRR,
1/11,42,Y,2,0,0,1,1,NRR,
1/11,42,Y,1,1,1,1,0,NRR,
1/11,62,Y,2,1,1,0,0,NRR,
1/11,58,Y,4,0,0,0,1,NRR,
1/11,58,Y,3,1,1,0,0,NRR,
1/11,58,Y,2,0,1,1,0,NRR,
1/11,58,Y,2,0,0,1,0,NRR,
1/11,58,Y,1,1,1,1,0,NRR,
1/11,58,Y,3,0,0,1,1,NRR,
1/11,66,Y,1,0,0,0,1,NRR,
1/11,66,Y,1,0,0,1,0,NRR,
1/11,66,Y,1,1,1,1,0,NRR,
1/11,64,Y,1,1,1,0,0,NRR,
1/11,64,Y,1,1,1,1,0,NRR,
1/11,45,Y,1,0,0,1,1,NRR,
1/11,52,Y,1,1,1,0,0,NRR,
1/11,52,Y,1,1,1,1,0,NRR,
1/11,75,Y,1,0,0,1,0,NRR,
1/11,65,Y,1,0,0,1,1,NRR,
1/11,65,Y,1,0,0,0,0,NRR,
1/11,60,Y,2,0,0,0,1,NRR,
1/11,60,Y,1,1,1,1,1,NRR,
1/11,53,Y,2,0,0,0,1,NRR,
1/11,53,Y,1,1,1,0,0,NRR,
1/11,53,Y,1,0,1,1,0,NRR,
1/11,53,Y,1,0,0,1,1,NRR,
1/11,53,Y,1,1,1,1,1,NRR,
1/11,53,Y,2,0,0,1,0,NRR,
1/11,67,Y,1,0,0,1,0,NRR,
1/11,67,Y,2,1,1,0,0,NRR,
1/11,47,Y,3,0,1,1,1,NRR,
1/11,47,Y,1,0,0,1,1,NRR,
2/11,8,Z,5,0,0,0,0,UHA,
2/11,8,Z,1,1,1,1,0,UHA,
2/11,8,Z,1,0,0,0,1,UHA,
2/11,8,Z,5,0,0,1,0,UHA,
2/11,8,Z,3,1,1,0,0,UHA,
2/11,8,Z,2,0,0,1,1,UHA,
2/11,8,Z,1,0,1,1,1,UHA,
2/11,8,Z,2,0,0,0,1,UHA,
2/11,8,Z,1,0,1,1,0,UHA,
2/11,7,Z,1,0,1,1,0,UHA,
2/11,7,Z,1,0,1,0,1,UHA,
2/11,7,Z,1,0,0,0,1,UHA,
2/11,7,Z,2,0,0,1,1,UHA,
2/11,6,Z,3,0,0,0,0,UHA,
2/11,6,Z,1,1,1,0,0,UHA,
2/11,6,Z,3,0,0,0,1,UHA,
2/11,6,Z,1,1,1,0,1,UHA,
2/11,6,Z,1,0,1,0,1,UHA,
2/11,5,Z,2,0,0,0,0,UHA,
2/11,5,Z,2,1,1,0,0,UHA,
2/11,5,Z,2,1,1,1,1,UHA,
2/11,5,Z,4,0,0,1,1,UHA,
2/11,5,Z,1,0,1,0,1,UHA,
2/11,37,Z,1,0,1,0,0,UHA,
2/11,37,Z,1,0,0,0,0,UHA,
2/11,37,Z,1,0,1,1,1,UHA,
2/11,37,Z,1,0,1,0,1,UHA,
2/11,37,Z,1,0,0,0,1,UHA,
2/11,37,Z,1,0,0,1,1,UHA,
2/11,37,Z,1,0,0,0,1,UHA,
2/11,30,Z,4,1,1,0,0,UHA,
2/11,30,Z,1,0,0,0,0,UHA,
2/11,30,Z,1,0,0,1,1,UHA,
2/11,30,Z,1,0,0,1,0,UHA,
2/11,15,Z,1,0,0,0,1,UHA,
2/11,15,Z,4,1,1,0,0,UHA,
2/11,15,Z,2,0,1,1,1,UHA,
2/11,15,Z,2,0,1,0,0,UHA,
2/11,15,Z,2,0,0,1,0,UHA,
2/11,15,Z,3,1,1,1,1,UHA,
2/11,15,Z,1,0,0,1,1,UHA,
2/11,15,Z,2,0,0,0,0,UHA,
2/11,15,Z,1,0,1,1,0,UHA,
2/11,14,Z,2,0,1,0,0,UHA,
2/11,14,Z,5,0,0,0,1,UHA,
2/11,14,Z,4,0,0,0,0,UHA,
2/11,14,Z,2,0,0,1,0,UHA,
2/11,14,Z,2,0,0,1,1,UHA,
2/11,14,Z,2,1,1,1,1,UHA,
2/11,14,Z,1,1,1,0,1,UHA,
2/11,14,Z,2,1,1,0,0,UHA,
2/11,14,Z,2,1,1,1,0,UHA,
2/11,13,Z,6,0,0,0,0,UHA,
2/11,13,Z,2,1,1,0,0,UHA,
2/11,13,Z,1,1,1,0,1,UHA,
2/11,13,Z,1,1,1,1,0,UHA,
2/11,13,Z,3,0,0,1,1,UHA,
2/11,13,Z,1,0,1,1,0,UHA,
2/11,12,Z,1,0,1,1,1,UHA,
2/11,12,Z,2,0,1,0,1,UHA,
2/11,12,Z,1,0,0,1,1,UHA,
2/11,12,Z,2,0,0,0,0,UHA,
2/11,11,Z,1,1,1,0,0,UHA,
2/11,11,Z,4,0,0,0,0,UHA,
2/11,11,Z,1,0,1,1,1,UHA,
2/11,11,Z,1,0,0,1,0,UHA,
2/11,11,Z,4,1,1,1,0,UHA,
2/11,11,Z,1,1,1,0,1,UHA,
2/11,11,Z,3,0,0,1,1,UHA,
2/11,11,Z,1,1,1,1,1,UHA,
2/11,11,Z,2,0,0,0,1,UHA,
2/11,9,Z,2,0,0,0,0,UHA,
2/11,8,Z,2,0,1,1,0,UHA,
2/11,8,Z,1,1,1,1,0,UHA,
2/11,8,Z,2,0,0,0,1,UHA,
2/11,8,Z,1,1,1,0,0,UHA,
2/11,56,Z,1,1,1,0,0,UHA,
2/11,56,Z,2,1,1,1,1,UHA,
2/11,56,Z,1,0,0,0,1,UHA,
2/11,56,Z,1,0,1,0,1,UHA,
2/11,56,Z,1,0,0,1,0,UHA,
2/11,62,Z,2,0,0,0,1,UHA,
2/11,62,Z,1,0,1,1,0,UHA,
2/11,62,Z,2,0,0,0,0,UHA,
2/11,19,Z,3,1,1,1,0,UHA,
2/11,19,Z,1,0,0,1,1,UHA,
2/11,19,Z,1,0,1,1,0,UHA,
2/11,19,Z,4,0,0,1,0,UHA,
2/11,19,Z,4,0,0,0,0,UHA,
2/11,19,Z,1,1,1,0,0,UHA,
2/11,19,Z,2,0,0,0,1,UHA,
2/11,19,Z,2,0,0,0,0,UHA,
2/11,54,Z,2,1,1,1,1,UHA,
2/11,54,Z,1,0,0,1,1,UHA,
2/11,54,Z,1,0,0,0,1,UHA,
2/11,42,Z,2,0,0,1,1,UHA,
2/11,42,Z,2,0,0,0,1,UHA,
2/11,42,Z,2,0,0,0,0,UHA,
2/11,8,Z,1,0,1,1,0,UHA,
2/11,8,Z,1,0,0,1,1,UHA,
2/11,8,Z,4,0,0,0,0,UHA,
2/11,8,Z,2,0,0,0,1,UHA,
2/11,40,Z,3,1,1,1,0,UHA,
2/11,40,Z,2,1,1,0,0,UHA,
2/11,40,Z,1,0,1,1,0,UHA,
2/11,40,Z,1,0,0,1,0,UHA,
2/11,30,Z,2,1,1,1,0,UHA,
2/11,30,Z,1,0,1,1,0,UHA,
2/11,30,Z,2,0,0,1,0,UHA,
2/11,30,Z,1,0,0,0,1,UHA,
2/11,4,Z,4,1,1,1,1,UHA,
2/11,4,Z,2,1,1,1,0,UHA,
2/11,4,Z,2,0,0,1,0,UHA,
2/11,4,Z,2,0,0,0,1,UHA,
2/11,4,Z,2,0,1,1,0,UHA,
2/11,4,Z,5,0,0,0,0,UHA,
2/11,4,Z,7,0,0,0,1,UHA,
2/11,4,Z,2,0,0,1,0,UHA,
2/11,4,Z,4,1,1,1,1,UHA,
2/11,4,Z,5,1,1,0,0,UHA,
2/11,4,Z,4,1,1,1,0,UHA,
2/11,19,Z,1,1,1,0,0,UHA,
2/11,19,Z,1,0,0,1,0,UHA,
2/11,19,Z,1,0,0,0,1,UHA,
2/11,19,Z,1,0,0,0,0,UHA,
2/11,20,Z,2,1,1,0,0,UHA,
2/11,20,Z,2,0,0,0,0,UHA,
2/11,20,Z,1,0,0,0,1,UHA,
2/11,20,Z,1,0,0,1,0,UHA,
2/11,23,Z,2,1,1,1,1,UHA,
2/11,23,Z,1,0,0,1,0,UHA,
2/11,23,Z,1,0,0,0,0,UHA,
2/11,23,Z,1,0,0,0,1,UHA,
2/11,29,Z,2,0,1,0,0,UHA,
2/11,29,Z,3,1,1,0,0,UHA,
2/11,29,Z,2,0,0,0,1,UHA,
2/11,29,Z,2,0,0,0,0,UHA,
2/11,28,Z,1,1,1,1,1,UHA,
2/11,28,Z,2,0,1,1,1,UHA,
2/11,28,Z,1,0,0,1,0,UHA,
2/11,28,Z,1,0,0,0,1,UHA,
2/11,28,Z,2,0,0,0,0,UHA,
2/11,25,Z,1,0,0,1,0,UHA,
2/11,25,Z,1,1,1,1,1,UHA,
2/11,25,Z,1,0,0,0,0,UHA,
2/11,25,Z,1,0,0,0,1,UHA,
2/11,25,Z,2,1,1,0,0,UHA,
2/11,25,Z,1,1,1,1,0,UHA,
2/11,62,Z,2,0,0,1,0,UHA,
2/11,62,Z,1,0,0,1,1,UHA,
2/11,62,Z,2,0,1,1,1,UHA,
2/11,62,Z,1,1,1,1,0,UHA,
2/11,62,Z,2,0,0,0,0,UHA,
2/11,21,Z,3,1,1,1,1,UHA,
2/11,21,Z,1,0,0,0,0,UHA,
2/11,21,Z,2,1,1,1,0,UHA,
2/11,37,Z,1,0,0,1,0,UHA,
2/11,37,Z,1,1,1,1,1,UHA,
2/11,37,Z,1,0,0,0,1,UHA,
2/11,37,Z,1,1,1,0,0,UHA,
2/11,37,Z,1,0,1,1,0,UHA,
2/11,37,Z,1,1,1,1,0,UHA,
2/11,37,Z,1,0,0,1,1,UHA,
2/11,56,Z,2,1,1,1,1,UHA,
2/11,56,Z,3,1,1,0,0,UHA,
2/11,56,Z,5,0,0,0,0,UHA,
2/11,54,Z,4,0,0,0,0,UHA,
2/11,54,Z,2,0,0,0,1,UHA,
2/11,54,Z,1,0,0,1,1,UHA,
2/11,53,Z,1,0,0,0,0,UHA,
2/11,53,Z,2,1,1,1,0,UHA,
2/11,53,Z,2,1,1,1,1,UHA,
2/11,53,Z,2,0,0,1,0,UHA,
2/11,53,Z,2,0,0,0,1,UHA,
2/11,52,Z,3,0,0,0,0,UHA,
2/11,52,Z,2,1,1,1,1,UHA,
2/11,52,Z,1,0,0,1,1,UHA,
2/11,52,Z,1,1,1,0,0,UHA,
2/11,52,Z,1,0,0,0,1,UHA,
2/11,51,Z,1,0,0,1,0,UHA,
2/11,51,Z,1,0,1,1,1,UHA,
2/11,51,Z,1,0,0,1,1,UHA,
2/11,47,Z,1,0,1,1,1,UHA,
2/11,47,Z,3,1,1,1,1,UHA,
2/11,47,Z,1,1,1,1,0,UHA,
2/11,47,Z,2,0,0,1,1,UHA,
2/11,42,Z,1,0,0,0,1,UHA,
2/11,42,Z,1,1,1,1,0,UHA,
2/11,42,Z,1,1,1,0,1,UHA,
2/11,42,Z,2,0,0,0,0,UHA,
2/11,40,Z,4,0,0,0,0,UHA,
2/11,40,Z,1,1,1,1,0,UHA,
2/11,40,Z,1,1,1,1,1,UHA,
2/11,40,Z,3,0,0,0,1,UHA,
2/11,40,Z,2,0,1,0,1,UHA,
2/11,76,Z,1,1,1,0,0,UHA,
2/11,76,Z,2,0,0,1,1,UHA,
2/11,76,Z,3,0,0,0,0,UHA,
2/11,76,Z,2,1,1,1,1,UHA,
2/11,75,Z,1,0,1,1,0,UHA,
2/11,75,Z,1,1,1,0,1,UHA,
2/11,75,Z,1,0,0,0,1,UHA,
2/11,75,Z,5,0,0,0,0,UHA,
2/11,75,Z,2,1,1,1,0,UHA,
2/11,74,Z,1,1,1,1,1,UHA,
2/11,74,Z,2,1,1,1,0,UHA,
2/11,74,Z,1,0,0,1,0,UHA,
2/11,74,Z,1,0,0,1,1,UHA,
2/11,74,Z,1,0,0,0,0,UHA,
2/11,73,Z,3,0,0,0,0,UHA,
2/11,73,Z,1,0,0,0,1,UHA,
2/11,73,Z,1,1,1,1,1,UHA,
2/11,73,Z,1,1,1,1,0,UHA,
2/11,71,Z,2,0,1,0,1,UHA,
2/11,71,Z,2,0,0,1,1,UHA,
2/11,71,Z,1,1,1,1,0,UHA,
2/11,71,Z,1,0,0,0,1,UHA,
2/11,64,Z,2,0,1,1,0,UHA,
2/11,64,Z,2,0,0,0,0,UHA,
2/11,70,Z,2,0,1,1,0,UHA,
2/11,70,Z,1,0,1,0,1,UHA,
2/11,70,Z,1,1,1,1,1,UHA,
2/11,70,Z,1,1,1,1,0,UHA,
2/11,70,Z,2,0,0,0,0,UHA,
2/11,68,Z,1,0,0,0,0,UHA,
2/11,68,Z,1,0,0,0,1,UHA,
2/11,68,Z,2,1,1,1,1,UHA,
2/11,67,Z,3,0,0,1,1,UHA,
2/11,67,Z,2,0,0,0,1,UHA,
2/11,67,Z,2,1,1,0,0,UHA,
2/11,67,Z,2,1,1,0,1,UHA,
2/11,67,Z,2,0,0,0,0,UHA,
2/11,67,Z,1,1,1,1,0,UHA,
2/11,65,Z,1,0,0,0,1,UHA,
2/11,65,Z,4,1,1,1,1,UHA,
2/11,65,Z,5,0,1,1,1,UHA,
2/11,65,Z,2,0,1,0,0,UHA,
2/11,65,Z,3,1,1,1,0,UHA,
2/11,65,Z,3,0,0,0,1,UHA,
2/11,65,Z,3,0,0,0,0,UHA,
2/11,93,V,1,0,0,0,0,UHA,
2/11,67,V,5,0,0,1,1,UHA,
2/11,67,V,1,0,0,1,0,UHA,
2/11,67,V,1,1,1,1,0,UHA,
2/11,89,V,1,0,0,0,0,UHA,
2/11,69,V,5,0,0,0,1,UHA,
2/11,69,V,3,0,0,1,1,UHA,
2/11,69,V,2,0,0,0,0,UHA,
2/11,69,V,1,1,1,1,1,UHA,
2/11,69,V,1,0,1,0,1,UHA,
2/11,69,V,1,0,1,0,0,UHA,
2/11,101,V,5,0,0,0,0,UHA,
2/11,101,V,1,1,1,1,0,UHA,
2/11,115,V,1,1,1,0,0,UHA,
2/11,115,V,1,1,1,0,1,UHA,
2/11,115,V,2,1,1,1,1,UHA,
2/11,115,V,2,0,0,0,1,UHA,
2/11,115,V,4,0,0,0,0,UHA,
2/11,115,V,1,0,0,1,1,UHA,
2/11,34,V,2,1,1,0,0,UHA,
2/11,34,V,2,0,0,1,1,UHA,
2/11,34,V,2,0,0,0,1,UHA,
2/11,34,V,2,1,1,1,1,UHA,
2/11,34,V,3,0,0,0,0,UHA,
2/11,30,V,3,0,0,0,0,UHA,
2/11,30,V,1,0,1,0,0,UHA,
2/11,72,V,2,0,0,0,0,UHA,
2/11,103,V,1,0,0,0,0,UHA,
2/11,103,V,1,0,1,0,1,UHA,
2/11,103,V,1,0,0,0,1,UHA,
2/11,42,V,3,0,0,1,1,UHA,
2/11,42,V,2,1,1,1,1,UHA,
2/11,42,V,4,0,0,0,1,UHA,
2/11,42,V,2,0,0,0,0,UHA,
2/11,42,V,1,1,1,0,1,UHA,
2/11,42,V,2,1,1,1,0,UHA,
2/11,42,V,2,0,0,1,0,UHA,
2/11,71,V,1,0,0,0,1,UHA,
2/11,71,V,5,0,0,0,0,UHA,
2/11,71,V,1,1,1,1,0,UHA,
2/11,71,V,2,1,1,0,0,UHA,
2/11,54,V,1,0,1,1,0,UHA,
2/11,54,V,1,0,0,1,0,UHA,
2/11,54,V,3,0,1,0,0,UHA,
2/11,54,V,3,0,0,0,0,UHA,
2/11,54,V,2,0,0,1,1,UHA,
2/11,54,V,2,0,0,0,1,UHA,
2/11,68,V,4,1,1,1,0,UHA,
2/11,68,V,5,0,0,0,0,UHA,
2/11,68,V,2,1,1,0,0,UHA,
2/11,68,V,5,1,1,1,1,UHA,
2/11,68,V,2,0,0,0,1,UHA,
2/11,68,V,2,0,1,0,0,UHA,
2/11,68,V,1,0,1,1,1,UHA,
2/11,68,V,1,0,1,0,1,UHA,
2/11,58,V,1,1,1,1,1,UHA,
2/11,58,V,2,0,0,0,1,UHA,
2/11,58,V,1,0,0,1,0,UHA,
2/11,58,V,1,1,1,0,1,UHA,
2/11,58,V,2,0,0,0,0,UHA,
2/11,58,V,1,0,1,1,0,UHA,
2/11,72,V,1,1,1,0,1,UHA,
2/11,72,V,1,0,0,0,1,UHA,
2/11,74,V,2,0,1,1,1,UHA,
2/11,74,V,1,0,1,0,0,UHA,
2/11,74,V,2,1,1,1,0,UHA,
2/11,74,V,1,0,1,1,0,UHA,
2/11,74,V,2,0,1,0,1,UHA,
2/11,74,V,1,1,1,0,1,UHA,
2/11,74,V,3,0,0,1,0,UHA,
2/11,74,V,2,1,1,1,1,UHA,
2/11,73,V,2,1,1,0,0,UHA,
2/11,73,V,3,0,0,0,1,UHA,
2/11,73,V,1,0,1,0,0,UHA,
2/11,73,V,2,0,1,1,0,UHA,
2/11,66,V,1,0,1,0,1,UHA,
2/11,66,V,1,0,0,0,1,UHA,
2/11,66,V,1,1,1,1,1,UHA,
2/11,66,V,2,0,0,1,1,UHA,
2/11,66,V,2,0,1,0,0,UHA,
2/11,66,V,2,0,1,1,1,UHA,
2/11,66,V,1,1,1,0,1,UHA,
2/11,66,V,1,1,1,0,0,UHA,
2/11,66,V,1,1,1,1,0,UHA,
2/11,77,V,4,0,0,0,0,UHA,
2/11,77,V,4,0,0,1,1,UHA,
2/11,77,V,2,0,0,0,1,UHA,
2/11,77,V,2,0,0,1,0,UHA,
2/11,77,V,1,1,1,1,1,UHA,
2/11,77,V,1,1,1,0,0,UHA,
2/11,60,V,1,0,0,1,1,UHA,
2/11,108,V,1,0,1,1,1,UHA,
2/11,108,V,1,1,1,1,1,UHA,
2/11,108,V,1,0,0,0,0,UHA,
2/11,75,V,1,1,1,1,0,UHA,
2/11,75,V,2,1,1,0,0,UHA,
2/11,67,V,2,0,0,0,1,UHA,
2/11,85,V,1,0,1,0,1,UHA,
2/11,85,V,2,0,0,0,1,UHA,
2/11,85,V,1,1,1,1,1,UHA,
2/11,85,V,2,0,0,1,1,UHA,
2/11,85,V,1,0,1,1,0,UHA,
2/11,85,V,1,0,1,0,0,UHA,
2/11,85,V,1,0,0,0,1,UHA,
2/11,128,V,1,0,0,0,0,UHA,
2/11,128,V,1,0,0,1,1,UHA,
2/11,87,V,2,0,0,0,0,UHA,
2/11,78,V,1,0,0,1,1,UHA,
2/11,78,V,1,0,0,0,1,UHA,
2/11,78,V,1,1,1,0,1,UHA,
2/11,78,V,1,0,1,1,0,UHA,
2/11,78,V,1,0,0,1,1,UHA,
2/11,78,V,1,1,1,0,0,UHA,
2/11,78,V,1,0,0,0,0,UHA,
2/11,86,V,1,0,0,0,0,UHA,
2/11,97,V,1,0,0,0,0,UHA,
2/11,41,V,3,1,1,1,0,UHA,
2/11,41,V,1,0,0,1,0,UHA,
2/11,41,V,1,0,0,0,1,UHA,
2/11,41,V,1,0,0,0,0,UHA,
2/11,62,V,2,0,0,1,1,UHA,
2/11,62,V,2,1,1,1,1,UHA,
2/11,29,V,1,0,0,0,1,UHA,
2/11,29,V,2,0,0,0,0,UHA,
2/11,64,V,3,0,0,0,0,UHA,
2/11,64,V,3,0,0,0,1,UHA,
2/11,64,V,1,0,1,0,0,UHA,
2/11,63,V,3,0,0,0,0,UHA,
2/11,63,V,1,1,1,0,1,UHA,
2/11,63,V,1,0,1,1,0,UHA,
2/11,63,V,3,0,0,0,1,UHA,
2/11,101,Y,1,0,0,0,0,UHA,
2/11,101,Y,2,0,0,1,0,UHA,
2/11,101,Y,2,0,0,0,1,UHA,
2/11,101,Y,1,1,1,0,0,UHA,
2/11,67,Y,1,0,0,0,1,UHA,
2/11,67,Y,1,1,1,1,0,UHA,
2/11,67,Y,2,1,1,1,1,UHA,
2/11,67,Y,1,1,1,0,1,UHA,
2/11,67,Y,1,0,0,0,0,UHA,
2/11,67,Y,1,0,0,1,1,UHA,
2/11,96,Y,1,0,0,0,1,UHA,
2/11,96,Y,1,0,1,0,0,UHA,
2/11,96,Y,1,0,0,0,0,UHA,
2/11,70,Y,4,0,0,0,0,UHA,
2/11,70,Y,1,1,1,1,1,UHA,
2/11,70,Y,1,1,1,1,0,UHA,
2/11,98,Y,1,1,1,1,0,UHA,
2/11,98,Y,1,1,1,0,0,UHA,
2/11,98,Y,1,0,1,0,1,UHA,
2/11,71,Y,2,0,1,1,1,UHA,
2/11,71,Y,1,1,1,1,1,UHA,
2/11,71,Y,2,0,0,0,0,UHA,
2/11,120,Y,1,0,0,0,0,UHA,
2/11,25,Y,3,0,0,1,0,UHA,
2/11,25,Y,1,1,1,1,1,UHA,
2/11,25,Y,1,1,1,0,0,UHA,
2/11,74,Y,1,0,1,0,1,UHA,
2/11,74,Y,2,0,0,1,1,UHA,
2/11,74,Y,1,0,0,0,0,UHA,
2/11,74,Y,1,0,0,0,1,UHA,
2/11,74,Y,1,1,1,1,1,UHA,
2/11,74,Y,1,1,1,0,0,UHA,
2/11,117,Y,1,0,0,0,0,UHA,
2/11,114,Y,1,0,0,0,1,UHA,
2/11,89,Y,2,1,1,0,0,UHA,
2/11,89,Y,4,0,0,0,0,UHA,
2/11,89,Y,2,0,0,1,1,UHA,
2/11,89,Y,2,1,1,1,1,UHA,
2/11,89,Y,1,1,1,1,0,UHA,
2/11,89,Y,1,0,1,1,1,UHA,
2/11,89,Y,1,0,1,1,0,UHA,
2/11,89,Y,1,0,1,0,0,UHA,
2/11,62,Y,4,1,1,0,0,UHA,
2/11,62,Y,2,0,0,1,1,UHA,
2/11,62,Y,3,0,0,0,1,UHA,
2/11,62,Y,5,0,0,0,0,UHA,
2/11,62,Y,2,1,1,1,1,UHA,
2/11,62,Y,5,1,1,1,0,UHA,
2/11,62,Y,2,1,1,0,1,UHA,
2/11,62,Y,1,0,0,1,0,UHA,
2/11,28,Y,3,0,0,0,1,UHA,
2/11,28,Y,2,0,0,1,0,UHA,
2/11,28,Y,1,0,0,1,1,UHA,
2/11,28,Y,1,1,1,0,0,UHA,
2/11,92,Y,2,0,0,0,0,UHA,0
2/11,92,Y,1,1,1,1,0,UHA,0
2/11,92,Y,2,1,1,1,1,UHA,0
2/11,92,Y,1,0,0,1,0,UHA,0
2/11,92,Y,2,0,0,1,1,UHA,0
2/11,92,Y,2,1,1,0,1,UHA,0
2/11,92,Y,3,0,0,0,1,UHA,0
2/11,68,Y,1,0,0,0,1,UHA,0
2/11,68,Y,1,0,0,1,0,UHA,0
2/11,9,Z,1,0,0,0,0,ABK,wt
2/11,9,Z,3,0,0,0,1,ABK,0
2/11,9,Z,2,1,1,0,0,ABK,0
2/11,9,Z,3,1,1,1,1,ABK,0
2/11,9,Z,4,1,1,1,0,ABK,0
2/11,9,Z,1,0,0,1,1,ABK,0
2/11,9,Z,1,0,0,1,0,ABK,0
2/11,101,Z,1,0,0,1,0,ABK,0
2/11,89,Z,1,1,1,1,0,ABK,0
2/11,84,Z,1,1,1,0,0,ABK,0
2/11,84,Z,1,1,1,0,1,ABK,0
2/11,84,Z,2,0,0,1,0,ABK,0
2/11,84,Z,3,1,1,1,0,ABK,0
2/11,84,Z,1,1,1,1,1,ABK,0
2/11,82,Z,1,1,1,0,1,ABK,0
2/11,82,Z,2,1,1,1,1,ABK,0
2/11,82,Z,1,1,1,1,0,ABK,0
2/11,77,Z,6,0,0,0,0,ABK,wt
2/11,77,Z,1,1,1,0,0,ABK,0
2/11,77,Z,1,1,1,0,1,ABK,0
2/11,77,Z,3,0,0,0,1,ABK,0
2/11,77,Z,3,1,1,1,1,ABK,0
2/11,77,Z,2,1,1,1,0,ABK,0
2/11,77,Z,1,0,0,1,1,ABK,0
2/11,98,X,1,0,0,0,0,ABK,wt
2/11,98,X,1,1,1,0,0,ABK,0
2/11,98,X,1,1,1,1,1,ABK,0
2/11,98,X,1,0,0,1,0,ABK,0
2/11,54,X,1,0,0,0,0,ABK,wt
2/11,54,X,1,0,0,0,1,ABK,0
2/11,54,X,2,0,0,1,1,ABK,0
2/11,40,X,4,0,0,0,0,ABK,wt
2/11,40,X,1,0,0,0,1,ABK,0
2/11,87,Y,1,1,1,1,1,NRR,
2/11,87,Y,1,0,0,1,1,NRR,
2/11,84,Y,5,0,0,0,1,NRR,
2/11,84,Y,1,1,1,0,1,NRR,
2/11,84,Y,2,1,1,0,0,NRR,
2/11,64,Y,2,0,0,0,1,NRR,
2/11,64,Y,2,1,1,1,1,NRR,
2/11,64,Y,3,0,1,1,1,NRR,
2/11,64,Y,1,0,0,1,1,NRR,
2/11,75,Y,2,0,0,0,1,NRR,
2/11,75,Y,1,1,1,0,0,NRR,
2/11,75,Y,3,1,1,1,1,NRR,
2/11,75,Y,2,1,1,1,0,NRR,
2/11,75,Y,1,0,0,1,0,NRR,
2/11,75,Y,1,0,1,1,1,NRR,
2/11,75,Y,3,0,0,1,1,NRR,
2/11,97,Y,1,0,0,0,1,NRR,
2/11,30,Y,2,0,1,0,0,NRR,
2/11,30,Y,3,0,0,0,1,NRR,
2/11,30,Y,1,1,1,1,0,NRR,
2/11,30,Y,1,1,1,1,1,NRR,
2/11,30,Y,1,0,0,1,0,NRR,
2/11,30,Y,1,0,0,1,1,NRR,
2/11,103,Y,2,1,1,0,0,NRR,
2/11,103,Y,2,0,0,0,1,NRR,
2/11,103,Y,1,0,0,1,1,NRR,
2/11,103,Y,1,1,1,1,0,NRR,
2/11,103,Y,2,0,1,1,1,NRR,
2/11,65,Y,5,0,0,0,1,NRR,
2/11,65,Y,1,0,1,0,0,NRR,
2/11,65,Y,1,1,1,0,0,NRR,
2/11,65,Y,1,1,1,1,0,NRR,
2/11,65,Y,2,0,1,1,1,NRR,
2/11,65,Y,1,0,1,1,0,NRR,
2/11,65,Y,1,1,1,1,1,NRR,
2/11,104,Y,2,1,1,0,0,NRR,
2/11,104,Y,1,0,0,0,1,NRR,
2/11,104,Y,1,0,1,1,0,NRR,
2/11,104,Y,1,1,1,1,0,NRR,
2/11,104,Y,1,1,1,1,1,NRR,
2/11,104,Y,2,0,0,1,1,NRR,
2/11,104,Y,2,0,0,0,0,NRR,
2/11,121,Y,1,0,1,1,0,NRR,
2/11,121,Y,1,1,1,0,0,NRR,
2/11,66,Y,1,0,1,0,1,NRR,
2/11,66,Y,1,0,1,0,0,NRR,
2/11,66,Y,3,1,1,1,1,NRR,
2/11,66,Y,2,0,0,1,1,NRR,
2/11,66,Y,1,0,1,1,1,NRR,
2/11,66,Y,1,0,0,1,0,NRR,
2/11,66,Y,2,0,1,1,0,NRR,
2/11,66,Y,2,0,0,0,0,NRR,
2/11,110,Y,1,1,1,0,0,NRR,
2/11,110,Y,1,0,0,1,0,NRR,
2/11,73,Y,2,0,0,0,1,NRR,
2/11,58,Y,1,0,1,1,0,NRR,
2/11,58,Y,1,0,0,1,1,NRR,
2/11,58,Y,1,0,0,0,1,NRR,
2/11,58,Y,1,1,1,0,0,NRR,
2/11,58,Y,1,0,0,0,0,NRR,
2/11,76,Y,5,0,0,0,1,NRR,
2/11,76,Y,2,1,1,0,1,NRR,
2/11,76,Y,2,0,0,1,0,NRR,
2/11,76,Y,1,0,0,1,1,NRR,
2/11,76,Y,1,1,1,1,1,NRR,
2/11,76,Y,2,0,1,1,1,NRR,
2/11,72,Y,3,0,0,0,1,NRR,
2/11,72,Y,2,1,1,0,1,NRR,
2/11,127,Y,1,1,1,0,1,NRR,
2/11,91,Y,1,0,1,0,0,NRR,
2/11,91,Y,1,1,1,1,1,NRR,
2/11,77,Y,2,1,1,0,1,NRR,
2/11,77,Y,2,1,1,0,0,NRR,
2/11,77,Y,1,0,1,0,0,NRR,
2/11,77,Y,2,1,1,1,1,NRR,
2/11,77,Y,1,1,1,1,0,NRR,
2/11,77,Y,2,0,0,1,0,NRR,
2/11,40,X,1,0,0,1,1,ABK,0
2/11,40,X,1,0,0,1,0,ABK,0
2/11,40,X,1,1,1,1,0,ABK,0
2/11,72,X,1,0,0,0,0,ABK,wt
2/11,76,X,3,0,0,0,0,ABK,wt
2/11,76,X,1,0,0,0,1,ABK,0
2/11,76,X,1,0,0,1,0,ABK,0
2/11,67,X,1,0,0,0,0,ABK,wt
2/11,67,X,2,0,0,0,1,ABK,0
2/11,67,X,2,0,0,1,0,ABK,0
2/11,67,X,1,1,1,1,0,ABK,0
2/11,73,X,2,0,0,0,0,ABK,wt
2/11,73,X,1,0,0,0,1,ABK,0
2/11,64,X,1,0,0,0,0,ABK,wt
2/11,64,X,1,0,0,0,1,ABK,0
2/11,64,X,1,1,1,1,0,ABK,0
2/11,64,X,1,0,0,1,0,ABK,0
2/11,101,X,1,0,0,0,1,ABK,0
2/11,101,X,1,0,0,1,1,ABK,0
2/11,84,X,2,0,0,0,0,ABK,wt
2/11,84,X,2,0,0,1,0,ABK,0
2/11,84,X,1,0,0,1,1,ABK,0
2/11,77,X,5,0,0,0,0,ABK,wt
2/11,77,X,1,0,0,0,1,ABK,0
2/11,77,X,3,0,0,1,1,ABK,0
2/11,77,X,1,0,0,1,0,ABK,0
2/11,65,X,3,0,0,0,0,ABK,wt
2/11,65,X,1,0,0,0,1,ABK,0
2/11,65,X,1,0,0,1,1,ABK,0
2/11,65,X,1,0,0,1,0,ABK,0
2/11,36,X,2,0,0,0,0,ABK,wt
2/11,36,X,2,0,0,0,1,ABK,0
2/11,36,X,1,1,1,1,1,ABK,0
2/11,13,X,2,1,1,1,1,ABK,0
2/11,13,X,1,0,0,1,0,ABK,0
2/11,62,X,3,0,0,0,0,ABK,wt
2/11,62,X,2,0,0,0,1,ABK,0
2/11,62,X,1,1,1,0,0,ABK,0
2/11,62,X,1,1,1,1,1,ABK,0
2/11,75,X,1,0,0,0,0,ABK,wt
2/11,75,X,1,0,0,1,1,ABK,0
2/11,74,X,1,0,0,1,1,ABK,0
2/11,74,X,1,1,1,1,1,ABK,0
2/11,74,X,1,1,1,1,0,ABK,0
2/11,121,W,2,0,0,0,1,ABK,0
2/11,121,W,1,1,1,0,1,ABK,0
2/11,121,W,3,1,1,1,1,ABK,0
2/11,121,W,1,0,0,1,0,ABK,0
2/11,121,W,1,1,1,1,0,ABK,0
2/11,120,W,1,0,0,0,1,ABK,0
2/11,120,W,1,1,1,1,1,ABK,0
2/11,120,W,1,0,0,1,0,ABK,0
2/11,123,W,1,0,0,0,0,ABK,wt
2/11,123,W,1,0,0,0,1,ABK,0
2/11,123,W,1,1,1,1,1,ABK,0
2/11,123,W,1,1,1,1,0,ABK,0
2/11,123,W,1,0,0,1,0,ABK,0
2/11,113,W,1,0,0,0,0,ABK,wt
2/11,113,W,1,0,0,0,1,ABK,0
2/11,113,W,1,1,1,1,1,ABK,0
2/11,113,W,3,0,0,1,0,ABK,0
2/11,113,W,2,0,0,1,1,ABK,0
2/11,113,W,3,1,1,1,0,ABK,0
2/11,111,W,5,0,0,0,0,ABK,wt
2/11,111,W,6,0,0,0,1,ABK,0
2/11,111,W,1,1,1,0,0,ABK,0
2/11,111,W,2,1,1,0,1,ABK,0
2/11,111,W,2,1,1,1,1,ABK,0
2/11,111,W,2,0,0,1,1,ABK,0
2/11,111,W,3,0,0,1,0,ABK,0
2/11,111,W,3,1,1,1,0,ABK,0
2/11,112,W,2,0,0,0,1,ABK,0
2/11,112,W,1,1,1,1,1,ABK,0
2/11,112,W,1,1,1,1,0,ABK,0
2/11,112,W,1,0,0,1,1,ABK,0
2/11,108,W,2,1,1,1,1,ABK,0
2/11,108,W,1,0,0,1,1,ABK,0
2/11,110,W,1,0,0,0,0,ABK,wt
2/11,110,W,2,0,0,0,1,ABK,0
2/11,110,W,1,1,1,0,1,ABK,0
2/11,110,W,2,1,1,1,1,ABK,0
2/11,110,W,1,0,0,1,1,ABK,0
2/11,110,W,5,1,1,1,0,ABK,0
2/11,110,W,3,0,0,1,0,ABK,0
2/11,114,W,3,1,1,0,1,ABK,0
2/11,114,W,4,0,0,0,1,ABK,0
2/11,114,W,3,0,0,0,0,ABK,wt
2/11,114,W,4,1,1,1,1,ABK,0
2/11,114,W,2,0,0,1,1,ABK,0
2/11,114,W,2,0,0,1,0,ABK,0
2/11,118,W,4,0,0,0,0,ABK,wt
2/11,118,W,4,0,0,0,1,ABK,0
2/11,118,W,1,1,1,0,0,ABK,0
2/11,118,W,1,1,1,1,1,ABK,0
2/11,118,W,2,0,0,1,1,ABK,0
2/11,118,W,1,1,1,1,0,ABK,0
2/11,118,W,1,0,0,1,0,ABK,0
2/11,127,W,1,0,0,0,0,ABK,wt
2/11,127,W,3,0,0,0,1,ABK,0
3/11,38,Z,3,1,1,1,1,ABK,0
3/11,38,Z,1,0,0,1,0,ABK,0
3/11,101,Z,4,0,0,0,0,ABK,wt
3/11,101,Z,4,1,1,0,1,ABK,0
3/11,101,Z,1,0,0,0,1,ABK,0
3/11,101,Z,1,0,0,1,0,ABK,0
3/11,101,Z,3,1,1,1,0,ABK,0
3/11,101,Z,3,1,1,1,1,ABK,0
3/11,101,Z,2,0,0,1,1,ABK,0
3/11,14,Z,2,0,0,0,0,ABK,wt
3/11,14,Z,1,0,0,0,1,ABK,0
3/11,14,Z,1,1,1,1,1,ABK,0
3/11,14,Z,1,1,1,1,0,ABK,0
3/11,104,Z,1,0,0,0,0,ABK,wt
3/11,104,Z,2,1,1,1,1,ABK,0
3/11,104,Z,1,0,0,1,0,ABK,0
3/11,104,Z,1,1,1,1,0,ABK,0
3/11,96,Z,1,0,0,0,0,ABK,wt
3/11,96,Z,1,1,1,0,0,ABK,0
3/11,96,Z,1,1,1,0,1,ABK,0
3/11,96,Z,1,0,0,0,1,ABK,0
3/11,96,Z,1,1,1,1,1,ABK,0
3/11,96,Z,3,1,1,1,0,ABK,0
3/11,11,Z,1,0,0,0,0,ABK,wt
3/11,11,Z,1,1,1,0,0,ABK,0
3/11,11,Z,2,1,1,0,1,ABK,0
3/11,11,Z,2,0,0,0,1,ABK,0
3/11,11,Z,2,0,0,1,1,ABK,0
3/11,11,Z,2,1,1,1,0,ABK,0
3/11,11,Z,1,0,0,1,0,ABK,0
3/11,95,Z,1,1,1,1,1,ABK,0
3/11,95,Z,1,1,1,1,0,ABK,0
3/11,89,Z,1,0,0,0,0,ABK,wt
3/11,89,Z,3,1,1,0,0,ABK,0
3/11,89,Z,1,1,1,1,1,ABK,0
3/11,98,Z,2,0,0,0,0,ABK,wt
3/11,98,Z,1,0,0,0,1,ABK,0
3/11,98,Z,1,1,1,0,1,ABK,0
3/11,98,Z,2,1,1,1,1,ABK,0
3/11,64,Z,1,0,0,0,0,ABK,wt
3/11,64,Z,1,1,1,0,1,ABK,0
3/11,64,Z,1,1,1,1,1,ABK,0
3/11,64,Z,1,1,1,1,0,ABK,0
3/11,103,Z,6,0,0,0,0,ABK,wt
3/11,103,Z,1,1,1,0,0,ABK,0
3/11,103,Z,3,0,0,0,1,ABK,0
3/11,103,Z,1,0,0,1,0,ABK,0
3/11,103,Z,2,1,1,1,0,ABK,0
3/11,103,Z,1,0,0,1,1,ABK,0
3/11,103,Z,5,1,1,1,1,ABK,0
3/11,13,Z,2,0,0,0,0,ABK,wt
3/11,13,Z,3,1,1,0,0,ABK,0
3/11,13,Z,1,1,1,1,1,ABK,0
3/11,13,Z,4,0,0,0,1,ABK,0
3/11,13,Z,1,1,1,0,1,ABK,0
3/11,13,Z,3,1,1,1,1,ABK,0
3/11,13,Z,4,0,0,1,1,ABK,0
3/11,5,Z,2,0,0,0,0,ABK,wt
3/11,5,Z,2,1,1,0,0,ABK,0
3/11,5,Z,1,1,1,0,1,ABK,0
3/11,5,Z,3,1,1,1,1,ABK,0
3/11,5,Z,1,0,0,1,1,ABK,0
3/11,6,Z,1,0,0,0,0,ABK,wt
3/11,6,Z,1,0,0,1,1,ABK,0
3/11,6,Z,1,0,0,1,0,ABK,0
3/11,6,Z,2,1,1,1,1,ABK,0
3/11,8,Z,1,0,0,0,0,ABK,wt
3/11,8,Z,1,1,1,1,1,ABK,0
3/11,8,Z,1,0,0,1,1,ABK,0
3/11,8,Z,1,1,1,1,0,ABK,0
3/11,97,Z,1,0,0,0,1,ABK,0
3/11,97,Z,1,1,1,0,0,ABK,0
3/11,97,Z,1,1,1,1,0,ABK,0
3/11,70,Y,1,0,1,1,1,NRR,
3/11,70,Y,3,1,1,0,0,NRR,
3/11,70,Y,4,0,0,0,1,NRR,
3/11,70,Y,1,0,1,1,1,NRR,
3/11,75,Y,1,0,0,0,1,NRR,
3/11,75,Y,2,0,0,1,1,NRR,
3/11,75,Y,1,1,1,1,0,NRR,
3/11,84,Y,2,0,0,0,1,NRR,
3/11,84,Y,1,0,0,1,0,NRR,
3/11,87,Y,1,1,1,0,1,NRR,
3/11,111,Y,1,0,0,1,1,NRR,
3/11,111,Y,2,0,0,0,1,NRR,
3/11,111,Y,3,1,1,0,0,NRR,
3/11,112,Y,2,0,0,0,1,NRR,
3/11,112,Y,2,1,1,1,0,NRR,
3/11,120,Y,4,0,0,0,1,NRR,
3/11,120,Y,1,0,0,1,0,NRR,
3/11,120,Y,2,0,0,1,1,NRR,
3/11,120,Y,2,1,1,1,1,NRR,
3/11,121,Y,1,0,0,0,1,NRR,
3/11,121,Y,3,0,0,1,1,NRR,
3/11,121,Y,1,1,1,1,1,NRR,
3/11,123,Y,1,0,0,0,1,NRR,
3/11,123,Y,4,1,1,1,1,NRR,
3/11,123,Y,4,0,0,0,0,NRR,
3/11,123,Y,1,0,1,1,1,NRR,
3/11,123,Y,1,0,0,1,0,NRR,
3/11,110,Y,4,0,0,0,1,NRR,
3/11,110,Y,1,1,1,0,0,NRR,
3/11,110,Y,1,1,1,0,1,NRR,
3/11,110,Y,4,1,1,1,0,NRR,
3/11,110,Y,1,0,0,1,0,NRR,
3/11,110,Y,1,0,0,1,1,NRR,
3/11,122,Y,1,0,0,1,0,NRR,
3/11,122,Y,1,1,1,0,0,NRR,
3/11,122,Y,1,1,1,0,1,NRR,
3/11,122,Y,1,0,0,0,1,NRR,
3/11,108,Y,4,0,0,0,1,NRR,
3/11,108,Y,2,1,1,1,1,NRR,
3/11,108,Y,1,1,1,1,0,NRR,
3/11,105,Y,1,1,1,0,1,NRR,
3/11,105,Y,1,0,1,1,0,NRR,
3/11,105,Y,1,0,0,1,1,NRR,
3/11,105,Y,2,1,1,1,0,NRR,
3/11,128,Y,1,1,1,0,1,NRR,
3/11,128,Y,1,0,0,0,1,NRR,
3/11,128,Y,1,0,0,1,1,NRR,
3/11,118,Y,1,1,1,0,1,NRR,
3/11,118,Y,1,1,1,0,0,NRR,
3/11,118,Y,1,0,1,1,0,NRR,
3/11,118,Y,1,0,0,1,1,NRR,
3/11,117,Y,1,1,1,0,0,NRR,
3/11,117,Y,1,1,1,0,1,NRR,
3/11,117,Y,1,0,0,1,1,NRR,
3/11,117,Y,1,1,1,1,0,NRR,
3/11,117,Y,1,1,1,1,1,NRR,
3/11,117,Y,2,0,1,1,0,NRR,
3/11,116,Y,1,0,0,0,1,NRR,
3/11,116,Y,2,1,1,0,0,NRR,
3/11,116,Y,3,1,1,1,0,NRR,
3/11,116,Y,3,0,0,1,1,NRR,
3/11,116,Y,4,1,1,1,1,NRR,
3/11,116,Y,2,0,0,1,0,NRR,
3/11,115,Y,1,0,0,1,1,NRR,
3/11,104,Y,1,0,0,1,0,NRR,
3/11,104,Y,1,1,1,1,1,NRR,
3/11,103,Y,2,0,0,0,1,NRR,
3/11,103,Y,1,0,0,1,0,NRR,
3/11,103,Y,1,1,1,1,0,NRR,
3/11,89,Y,1,1,1,1,0,NRR,
3/11,114,Y,1,0,0,0,1,NRR,
3/11,114,Y,1,1,1,0,1,NRR,
3/11,114,Y,1,1,1,1,1,NRR,
3/11,114,Y,1,0,1,1,1,NRR,
3/11,113,Y,1,0,0,0,1,NRR,
3/11,113,Y,1,1,1,0,1,NRR,
3/11,113,Y,1,1,1,0,0,NRR,
3/11,113,Y,1,0,0,1,0,NRR,
3/11,113,Y,1,0,0,1,1,NRR,
3/11,113,Y,3,1,1,1,0,NRR,
3/11,127,Y,2,1,1,0,1,NRR,
3/11,127,Y,1,1,1,0,0,NRR,
3/11,127,Y,2,1,1,1,0,NRR,
3/11,127,Y,1,0,1,1,0,NRR,
3/11,127,Y,2,0,1,1,1,NRR,
3/11,125,Y,3,0,0,0,1,NRR,
3/11,125,Y,1,1,1,0,0,NRR,
3/11,125,Y,1,1,1,0,1,NRR,
3/11,125,Y,2,0,1,1,0,NRR,
3/11,125,Y,1,1,1,1,1,NRR,
3/11,87,Z,1,0,0,0,0,ABK,wt
3/11,87,Z,2,0,0,0,1,ABK,0
3/11,87,Z,2,0,0,1,0,ABK,0
3/11,87,Z,1,1,1,1,0,ABK,0
3/11,87,Z,1,1,1,1,1,ABK,0
3/11,33,Z,1,0,0,0,0,ABK,wt
3/11,33,Z,1,0,0,0,1,ABK,0
3/11,33,Z,2,0,0,1,0,ABK,0
3/11,33,Z,1,1,1,1,0,ABK,0
3/11,67,Z,3,0,0,0,0,ABK,wt
3/11,67,Z,3,0,0,0,1,ABK,0
3/11,67,Z,2,1,1,0,1,ABK,0
3/11,67,Z,2,1,1,1,1,ABK,0
3/11,67,Z,1,0,0,1,0,ABK,0
3/11,67,Z,1,1,1,1,0,ABK,0
3/11,4,Z,2,0,0,0,0,ABK,wt
3/11,4,Z,1,0,0,0,1,ABK,0
3/11,4,Z,1,0,0,1,0,ABK,0
3/11,128,X,2,0,1,0,1,UHA,
3/11,128,X,3,0,0,1,1,UHA,
3/11,128,X,7,0,0,0,0,UHA,
3/11,128,X,8,0,0,0,1,UHA,
3/11,128,X,2,1,1,1,0,UHA,
3/11,128,X,1,1,1,1,1,UHA,
3/11,128,X,3,0,0,1,0,UHA,
3/11,128,X,1,1,1,0,0,UHA,
3/11,128,X,3,0,1,1,0,UHA,
3/11,128,X,1,0,1,0,1,UHA,
3/11,128,X,3,0,0,1,0,UHA,
3/11,128,X,1,1,1,0,1,UHA,
3/11,92,X,1,0,0,1,1,UHA,
3/11,92,X,1,0,0,1,0,UHA,
3/11,92,X,1,0,0,0,0,UHA,
3/11,118,X,1,1,1,1,0,UHA,
3/11,118,X,5,0,0,1,1,UHA,
3/11,118,X,3,0,1,1,0,UHA,
3/11,118,X,2,0,0,0,1,UHA,
3/11,118,X,5,1,1,0,1,UHA,
3/11,118,X,3,0,0,1,0,UHA,
3/11,118,X,3,0,1,1,1,UHA,
3/11,118,X,3,0,0,0,0,UHA,
3/11,127,X,1,1,1,1,1,UHA,
3/11,127,X,2,1,1,1,0,UHA,
3/11,127,X,2,0,0,1,0,UHA,
3/11,127,X,1,0,0,1,1,UHA,
3/11,125,X,2,0,1,1,1,UHA,
3/11,125,X,2,1,1,1,1,UHA,
3/11,125,X,2,0,0,1,1,UHA,
3/11,125,X,3,0,0,0,1,UHA,
3/11,125,X,5,1,1,1,0,UHA,
3/11,125,X,2,1,1,0,1,UHA,
3/11,125,X,1,0,0,0,1,UHA,
3/11,96,X,1,0,0,0,1,UHA,
3/11,96,X,2,0,0,0,0,UHA,
3/11,96,X,1,1,1,0,1,UHA,
3/11,117,X,1,1,1,1,1,UHA,
3/11,117,X,1,0,0,1,0,UHA,
3/11,117,X,2,1,1,1,0,UHA,
3/11,124,X,2,0,0,0,0,UHA,
3/11,97,X,5,1,1,1,1,UHA,
3/11,104,X,1,1,1,1,0,UHA,
3/11,104,X,2,0,0,0,1,UHA,
3/11,103,X,1,0,0,1,0,UHA,
3/11,103,X,3,0,0,1,1,UHA,
3/11,103,X,1,1,1,0,1,UHA,
3/11,103,X,1,1,1,1,0,UHA,
3/11,112,X,2,0,0,1,1,UHA,
3/11,112,X,2,1,1,0,1,UHA,
3/11,112,X,1,0,0,1,0,UHA,
3/11,112,X,3,0,0,0,1,UHA,
3/11,112,X,3,0,0,0,0,UHA,
3/11,112,X,3,1,1,0,0,UHA,
3/11,112,X,1,1,1,1,1,UHA,
3/11,112,X,1,1,1,1,0,UHA,
3/11,120,X,1,0,1,1,0,UHA,
3/11,120,X,3,1,1,1,1,UHA,
3/11,120,X,2,1,1,0,0,UHA,
3/11,120,X,2,0,0,0,1,UHA,
3/11,120,X,2,0,0,1,1,UHA,
3/11,87,X,1,0,0,1,1,UHA,
3/11,87,X,1,1,1,1,1,UHA,
3/11,87,X,1,0,1,0,1,UHA,
3/11,87,X,1,0,0,1,0,UHA,
3/11,87,X,1,1,1,1,0,UHA,
3/11,101,X,3,0,0,1,0,UHA,
3/11,101,X,4,0,0,1,1,UHA,
3/11,101,X,3,0,0,0,0,UHA,
3/11,101,X,3,0,0,0,1,UHA,
3/11,101,X,2,0,1,1,1,UHA,
3/11,101,X,4,1,1,1,1,UHA,
3/11,101,X,2,1,1,1,0,UHA,
3/11,101,X,2,0,1,1,0,UHA,
3/11,101,X,1,1,1,0,0,UHA,
3/11,111,X,1,0,0,1,0,UHA,
3/11,111,X,6,0,0,1,1,UHA,
3/11,111,X,1,0,0,0,1,UHA,
3/11,111,X,1,1,1,1,1,UHA,
3/11,111,X,1,0,1,1,1,UHA,
3/11,111,X,5,0,0,0,0,UHA,
3/11,111,X,3,0,0,0,1,UHA,
3/11,38,X,1,1,1,1,1,UHA,
3/11,120,X,1,1,1,1,1,UHA,
3/11,120,X,1,0,0,1,1,UHA,
3/11,120,X,1,0,1,1,1,UHA,
3/11,120,X,1,0,1,0,1,UHA,
3/11,120,X,1,1,1,1,0,UHA,
3/11,123,X,1,0,0,0,0,UHA,
3/11,123,X,2,0,0,1,0,UHA,
3/11,123,X,1,0,0,1,1,UHA,
3/11,123,X,1,1,1,1,1,UHA,
3/11,114,X,6,0,0,1,1,UHA,
3/11,114,X,1,1,1,1,1,UHA,
3/11,114,X,3,0,0,1,0,UHA,
3/11,114,X,5,0,1,0,0,UHA,
3/11,114,X,2,1,1,1,1,UHA,
3/11,114,X,1,1,1,0,0,UHA,
3/11,114,X,1,0,1,1,1,UHA,
3/11,114,X,2,0,0,0,0,UHA,
3/11,114,X,1,0,0,0,1,UHA,
3/11,108,X,1,0,0,1,0,UHA,
3/11,108,X,5,0,0,0,0,UHA,
3/11,108,X,1,0,1,1,1,UHA,
3/11,108,X,1,0,1,0,1,UHA,
3/11,108,X,4,0,0,0,1,UHA,
3/11,108,X,1,0,0,1,1,UHA,
3/11,108,X,3,0,1,0,0,UHA,
3/11,108,X,2,0,1,1,0,UHA,
3/11,108,X,1,1,1,1,0,UHA,
3/11,65,X,2,0,0,0,0,UHA,
3/11,65,X,1,1,1,1,0,UHA,
3/11,65,X,1,1,1,1,1,UHA,
3/11,65,X,2,0,1,1,0,UHA,
3/11,67,X,1,1,1,1,0,UHA,
3/11,67,X,2,0,0,0,0,UHA,
3/11,105,X,4,1,1,1,1,UHA,
3/11,105,X,2,0,1,1,0,UHA,
3/11,105,X,1,0,0,0,1,UHA,
3/11,105,X,1,0,0,1,0,UHA,
3/11,105,X,1,1,1,1,0,UHA,
3/11,105,X,1,0,0,1,1,UHA,
3/11,105,X,3,0,1,0,0,UHA,
3/11,113,X,3,1,1,1,0,UHA,
3/11,113,X,1,0,0,0,1,UHA,
3/11,113,X,1,0,0,0,0,UHA,
3/11,76,X,2,1,1,1,0,UHA,
3/11,76,X,1,1,1,0,1,UHA,
3/11,76,X,1,0,0,1,1,UHA,
3/11,76,X,2,0,0,0,1,UHA,
3/11,98,X,5,1,1,0,0,UHA,
3/11,98,X,1,1,1,1,0,UHA,
3/11,98,X,2,0,0,1,1,UHA,
3/11,98,X,2,0,1,1,1,UHA,
3/11,98,X,3,0,1,1,0,UHA,
3/11,98,X,3,0,0,0,1,UHA,
3/11,98,X,5,1,1,0,1,UHA,
3/11,115,X,5,1,1,1,1,UHA,
3/11,115,X,3,1,1,1,0,UHA,
3/11,115,X,2,1,1,0,1,UHA,
3/11,115,X,2,0,0,1,1,UHA,
3/11,115,X,2,0,0,1,0,UHA,
3/11,115,X,1,0,1,1,0,UHA,
3/11,115,X,1,0,1,1,1,UHA,
3/11,115,X,9,0,0,0,0,UHA,
3/11,115,X,2,1,1,1,1,UHA,
3/11,109,X,1,0,0,0,0,UHA,
3/11,109,X,1,0,0,0,0,UHA,
3/11,109,X,2,0,0,0,0,UHA,
3/11,109,X,2,0,0,0,0,UHA,
3/11,109,X,5,0,0,0,0,UHA,
3/11,116,X,3,0,0,0,0,UHA,
3/11,116,X,3,0,0,0,0,UHA,
3/11,116,X,2,0,0,0,0,UHA,
3/11,122,X,3,0,0,0,0,UHA,
3/11,122,X,1,0,0,0,0,UHA,
3/11,121,X,5,0,0,0,0,UHA,
3/11,121,X,3,0,0,0,0,UHA,
3/11,121,X,4,0,0,0,0,UHA,
4/11,103,X,1,1,1,1,1,KEW,
4/11,103,X,1,0,0,1,0,KEW,
4/11,103,X,1,0,0,0,1,KEW,
4/11,120,X,1,0,0,1,0,KEW,
4/11,120,X,1,0,0,1,1,KEW,
4/11,120,X,1,1,1,0,1,KEW,
4/11,120,X,1,0,0,0,1,KEW,
4/11,120,X,3,0,0,0,0,KEW,
4/11,120,X,1,1,1,0,0,KEW,
4/11,122,X,1,1,1,1,1,KEW,
4/11,122,X,1,0,0,1,1,KEW,
4/11,108,X,2,0,0,0,1,KEW,
4/11,105,X,1,0,0,0,1,KEW,
4/11,105,X,1,1,1,0,0,KEW,
4/11,112,X,1,1,1,0,1,KEW,
4/11,112,X,1,0,0,0,0,KEW,
4/11,114,X,1,1,1,0,1,KEW,
4/11,118,X,2,0,0,1,1,KEW,
4/11,118,X,1,1,1,1,0,KEW,
4/11,118,X,2,1,1,0,1,KEW,
4/11,118,X,1,0,0,0,1,KEW,
4/11,118,X,1,0,1,0,0,KEW,
4/11,118,X,3,0,0,0,0,KEW,
4/11,113,X,2,0,0,0,0,KEW,
4/11,113,X,2,1,1,0,0,KEW,
4/11,113,X,2,1,1,1,1,KEW,
4/11,113,X,3,0,1,1,1,KEW,
4/11,113,X,1,0,0,1,0,KEW,
4/11,113,X,2,1,1,0,0,KEW,
4/11,125,X,1,1,1,1,1,KEW,
4/11,125,X,1,1,1,0,0,KEW,
4/11,125,X,1,0,0,0,1,KEW,
4/11,128,X,2,1,1,1,1,KEW,
4/11,128,X,1,1,1,1,0,KEW,
4/11,128,X,1,1,1,0,0,KEW,
4/11,128,X,1,0,0,1,0,KEW,
4/11,30,X,1,1,1,1,1,KEW,
4/11,30,X,1,0,0,0,0,KEW,
4/11,101,X,2,0,0,0,0,KEW,
4/11,101,X,1,1,1,1,0,KEW,
4/11,105,X,1,1,1,1,0,KEW,
4/11,105,X,1,1,1,1,1,KEW,
4/11,105,X,3,0,0,1,0,KEW,
4/11,105,X,1,0,0,0,1,KEW,
4/11,105,X,1,1,1,0,1,KEW,
4/11,108,X,1,1,1,0,1,KEW,
4/11,108,X,2,1,1,0,0,KEW,
4/11,108,X,3,0,0,0,0,KEW,
4/11,108,X,2,1,1,1,0,KEW,
4/11,108,X,1,1,1,1,1,KEW,
4/11,108,X,2,0,0,1,1,KEW,
4/11,111,X,2,1,1,1,1,KEW,
4/11,111,X,1,0,0,1,0,KEW,
4/11,111,X,2,0,0,1,1,KEW,
4/11,111,X,3,1,1,0,0,KEW,
4/11,111,X,2,0,0,0,1,KEW,
4/11,115,X,1,0,0,0,0,KEW,
4/11,117,X,1,1,1,0,1,KEW,
4/11,117,X,1,0,0,0,1,KEW,
4/11,121,X,1,1,1,0,1,KEW,
4/11,121,X,1,1,1,1,1,KEW,
4/11,121,X,1,1,1,1,0,KEW,
4/11,121,X,1,0,0,0,0,KEW,
4/11,114,Y,1,1,1,1,1,UHA,
4/11,114,Y,1,0,0,1,1,UHA,
4/11,114,Y,2,0,0,0,0,UHA,
4/11,114,Y,1,1,1,1,0,UHA,
4/11,114,Y,2,1,1,0,0,UHA,
4/11,114,Y,1,0,0,0,1,UHA,
4/11,115,Y,1,1,1,0,1,UHA,
4/11,115,Y,2,0,0,0,1,UHA,
4/11,115,Y,1,0,0,0,0,UHA,
4/11,115,Y,1,1,1,0,0,UHA,
4/11,116,Y,1,0,0,0,0,UHA,
4/11,116,Y,2,0,0,1,0,UHA,
4/11,116,Y,3,0,0,0,1,UHA,
4/11,12,Y,1,0,0,1,1,UHA,
4/11,12,Y,1,1,1,1,1,UHA,
4/11,12,Y,1,0,0,1,0,UHA,
4/11,35,Y,3,0,0,0,0,UHA,
4/11,35,Y,3,0,1,1,0,UHA,
4/11,35,Y,1,0,0,0,1,UHA,
4/11,110,Y,1,0,0,0,0,UHA,
4/11,110,Y,1,0,1,1,0,UHA,
4/11,110,Y,1,1,1,1,1,UHA,
4/11,110,Y,1,0,0,1,1,UHA,
4/11,110,Y,1,0,0,0,1,UHA,
4/11,119,X,1,0,0,0,0,UHA,
4/11,119,X,1,0,0,1,1,UHA,
4/11,108,X,1,0,0,0,1,UHA,
4/11,108,X,3,0,0,0,0,UHA,
4/11,108,X,3,1,1,1,0,UHA,
4/11,108,X,1,0,0,1,0,UHA,
4/11,120,X,1,0,0,0,1,UHA,
4/11,120,X,1,0,0,0,0,UHA,
4/11,113,X,1,0,1,1,0,UHA,
4/11,113,X,2,1,1,1,1,UHA,
4/11,113,X,2,0,0,0,1,UHA,
4/11,117,Y,3,1,1,1,1,UHA,
4/11,117,Y,2,0,0,0,1,UHA,
4/11,117,Y,2,0,0,0,0,UHA,
4/11,117,Y,1,1,1,1,0,UHA,
4/11,117,Y,1,0,1,1,0,UHA,
4/11,121,Y,5,1,1,0,0,UHA,
4/11,121,Y,3,0,1,1,0,UHA,
4/11,121,Y,2,0,0,1,0,UHA,
4/11,121,Y,1,0,0,0,0,UHA,
4/11,118,Y,3,0,0,0,1,UHA,
4/11,105,Y,3,0,0,0,0,UHA,
4/11,105,Y,2,1,1,1,1,UHA,
4/11,105,Y,2,0,0,0,1,UHA,
4/11,105,Y,1,0,1,0,0,UHA,
4/11,108,Y,1,1,1,1,1,UHA,
4/11,108,Y,1,0,0,1,1,UHA,
4/11,108,Y,2,0,1,1,0,UHA,
4/11,108,Y,1,1,1,1,0,UHA,
4/11,108,Y,3,0,0,0,1,UHA,
4/11,108,Y,1,1,1,0,1,UHA,
4/11,109,Y,1,0,0,0,1,UHA,
4/11,109,Y,2,0,0,0,0,UHA,
4/11,122,Y,2,1,1,1,0,UHA,
4/11,122,Y,2,0,0,1,1,UHA,
4/11,122,Y,2,0,0,1,0,UHA,
4/11,122,Y,1,1,1,0,1,UHA,
4/11,111,Y,1,0,0,0,0,UHA,
4/11,111,Y,2,0,0,1,0,UHA,
4/11,111,Y,2,0,1,1,0,UHA,
4/11,111,Y,1,1,1,1,0,UHA,
4/11,111,Y,1,0,0,1,1,UHA,
4/11,111,Y,1,0,1,1,1,UHA,
4/11,123,Y,1,0,0,1,0,UHA,
4/11,123,Y,1,1,1,0,1,UHA,
4/11,123,Y,1,0,0,1,1,UHA,
4/11,123,Y,2,0,0,0,0,UHA,
4/11,123,Y,1,0,0,0,1,UHA,
4/11,112,Y,1,1,1,1,1,UHA,
4/11,112,Y,1,0,0,1,1,UHA,
4/11,112,Y,1,1,1,0,1,UHA,
4/11,124,Y,1,0,0,0,1,UHA,
4/11,127,Y,1,0,0,1,0,UHA,
4/11,127,Y,1,1,1,0,1,UHA,
4/11,127,Y,2,0,0,0,0,UHA,
4/11,127,Y,2,0,0,0,1,UHA,
4/11,113,Y,1,0,1,1,0,UHA,
4/11,113,Y,2,0,1,1,1,UHA,
4/11,113,Y,2,0,0,1,0,UHA,
4/11,113,Y,1,1,1,1,0,UHA,
4/11,113,Y,3,0,0,0,0,UHA,
4/11,29,A,1,1,1,1,1,UHA,0
4/11,29,A,1,0,0,1,1,UHA,0
4/11,29,A,1,1,1,0,0,UHA,0
4/11,29,A,1,0,0,0,0,UHA,wt
4/11,32,A,1,0,0,1,1,UHA,0
4/11,35,A,1,0,0,1,1,UHA,0
4/11,35,A,1,0,0,0,1,UHA,0
4/11,38,A,2,0,0,0,0,UHA,wt
4/11,38,A,1,1,1,0,0,UHA,0
4/11,38,A,1,0,0,1,0,UHA,0
4/11,39,A,1,0,0,0,0,UHA,wt
4/11,39,A,1,1,1,1,0,UHA,0
4/11,15,A,2,1,1,1,1,UHA,0
4/11,15,A,1,1,1,1,0,UHA,0
4/11,15,A,1,0,0,0,0,UHA,wt
4/11,8,A,1,0,0,1,1,UHA,0
4/11,8,A,1,0,0,1,0,UHA,0
4/11,8,A,3,1,1,1,1,UHA,0
4/11,8,A,3,1,1,1,0,UHA,0
4/11,8,A,2,1,1,0,1,UHA,0
4/11,8,A,1,1,1,0,0,UHA,0
4/11,8,A,4,0,0,0,0,UHA,wt
4/11,110,Z,1,0,0,0,0,AFB,0
4/11,111,Z,2,0,0,0,1,AFB,0
4/11,111,Z,1,1,1,1,0,AFB,0
4/11,111,Z,1,1,1,0,0,AFB,0
4/11,111,Z,1,0,0,1,0,AFB,0
4/11,111,Z,1,1,1,1,1,AFB,0
4/11,112,Z,2,0,0,0,1,AFB,0
4/11,112,Z,1,0,0,0,0,AFB,0
4/11,112,Z,1,1,1,0,0,AFB,0
4/11,112,Z,1,1,1,1,0,AFB,0
4/11,112,Z,1,0,0,1,0,AFB,0
4/11,112,Z,1,1,1,1,1,AFB,0
4/11,123,Z,2,1,1,1,0,AFB,0
4/11,123,Z,1,0,0,1,0,AFB,0
4/11,123,Z,2,1,1,1,1,AFB,0
4/11,123,Z,1,0,0,1,1,AFB,0
4/11,123,Z,1,1,1,0,1,AFB,0
4/11,123,Z,2,0,0,0,1,AFB,0
4/11,123,Z,8,0,0,0,0,AFB,0
4/11,114,Z,1,0,0,0,0,AFB,0
4/11,114,Z,1,0,0,0,1,AFB,0
4/11,114,Z,2,1,1,1,1,AFB,0
4/11,114,Z,1,0,0,1,0,AFB,0
4/11,115,Z,1,1,1,0,0,AFB,0
4/11,115,Z,2,0,0,1,0,AFB,0
4/11,117,Z,2,0,0,0,0,AFB,0
4/11,117,Z,1,0,0,1,1,AFB,0
4/11,117,Z,1,1,1,1,0,AFB,0
4/11,121,Z,1,0,0,1,1,AFB,0
4/11,121,Z,1,0,0,0,0,AFB,0
4/11,121,Z,1,1,1,0,0,AFB,0
4/11,121,Z,1,1,1,0,1,AFB,0
4/11,109,Z,1,1,1,1,0,AFB,0
4/11,109,Z,1,0,0,1,0,AFB,0
4/11,109,Z,1,0,0,0,1,AFB,0
4/11,103,Z,1,0,0,0,0,AFB,0
4/11,103,Z,2,1,1,0,1,AFB,0
4/11,103,Z,3,1,1,1,1,AFB,0
4/11,103,Z,1,0,0,1,0,AFB,0
4/11,103,Z,2,1,1,1,0,AFB,0
4/11,101,Z,2,0,0,0,0,AFB,0
4/11,101,Z,2,0,0,0,0,AFB,0
4/11,101,Z,1,1,1,0,0,AFB,0
4/11,101,Z,4,0,0,0,1,AFB,0
4/11,101,Z,3,1,1,1,0,AFB,0
4/11,101,Z,3,1,1,1,1,AFB,0
4/11,101,Z,2,0,0,1,1,AFB,0
4/11,11,Z,3,0,0,0,0,AFB,0
4/11,11,Z,1,0,0,0,1,AFB,0
4/11,11,Z,5,0,0,1,1,AFB,0
4/11,11,Z,1,1,1,1,0,AFB,0
4/11,124,Z,1,0,0,0,0,AFB,0
4/11,124,Z,3,0,0,0,1,ABK,wt
4/11,124,Z,1,1,1,1,1,ABK,0
4/11,124,Z,1,0,0,1,1,ABK,0
4/11,98,Z,1,0,0,0,1,ABK,0
4/11,98,Z,1,0,0,1,0,ABK,0
4/11,98,Z,2,1,1,1,0,ABK,0
4/11,128,Z,2,1,1,0,0,ABK,0
4/11,128,Z,1,0,0,0,1,ABK,0
4/11,128,Z,4,1,1,1,1,ABK,0
4/11,128,Z,1,1,1,1,0,ABK,0
4/11,89,Z,3,0,0,0,1,ABK,0
4/11,89,Z,1,1,1,0,1,ABK,0
4/11,89,Z,1,1,1,1,1,ABK,0
4/11,89,Z,2,1,1,1,0,ABK,0
4/11,120,Z,1,0,0,0,0,ABK,wt
4/11,120,Z,1,1,1,0,0,ABK,0
4/11,120,Z,1,0,0,0,1,ABK,0
4/11,120,Z,2,0,0,1,0,ABK,0
4/11,120,Z,2,1,1,1,1,ABK,0
4/11,120,Z,1,1,1,1,0,ABK,0
4/11,9,Z,3,0,0,0,0,ABK,wt
4/11,9,Z,2,0,0,0,1,ABK,0
4/11,9,Z,1,1,1,0,1,ABK,0
4/11,9,Z,2,1,1,1,1,ABK,0
4/11,9,Z,3,1,1,1,0,ABK,0
4/11,104,Z,1,0,0,0,1,ABK,0
4/11,104,Z,2,0,0,1,0,ABK,0
4/11,104,Z,2,1,1,1,1,ABK,0
4/11,104,Z,2,1,1,1,0,ABK,0
4/11,118,Z,1,1,1,0,0,ABK,0
4/11,118,Z,1,0,0,0,1,ABK,0
4/11,118,Z,1,1,1,0,1,ABK,0
4/11,118,Z,1,1,1,1,0,ABK,0
4/11,118,Z,1,0,0,1,1,ABK,0
4/11,122,Z,2,0,0,0,0,ABK,wt
4/11,122,Z,2,0,0,0,1,ABK,0
4/11,122,Z,1,1,1,0,0,ABK,0
4/11,122,Z,2,1,1,1,1,ABK,0
4/11,122,Z,1,1,1,1,0,ABK,0
4/11,116,Z,1,0,0,0,0,ABK,wt
4/11,116,Z,1,1,1,0,1,ABK,0
4/11,116,Z,1,1,1,1,1,ABK,0
4/11,116,Z,1,1,1,1,0,ABK,0
4/11,116,Z,1,0,0,1,0,ABK,0
4/11,105,Z,2,0,0,0,0,ABK,wt
4/11,105,Z,2,0,0,0,1,ABK,0
4/11,105,Z,2,1,1,0,0,ABK,0
4/11,105,Z,1,1,1,0,1,ABK,0
4/11,105,Z,4,1,1,1,1,ABK,0
4/11,105,Z,3,1,1,1,0,ABK,0
4/11,96,Z,5,0,0,0,0,ABK,wt
4/11,96,Z,4,0,0,0,1,ABK,0
4/11,96,Z,1,1,1,0,0,ABK,0
4/11,96,Z,2,0,0,1,1,ABK,0
4/11,96,Z,2,1,1,1,0,ABK,0
4/11,125,Z,3,0,0,0,0,ABK,wt
4/11,125,Z,1,1,1,0,0,ABK,0
4/11,125,Z,1,0,0,1,0,ABK,0
4/11,125,Z,6,1,1,1,0,ABK,0
4/11,125,Z,2,0,0,1,1,ABK,0
4/11,125,Z,5,1,1,1,1,ABK,0
5/11,62,Y,2,0,0,0,1,NRR,0
5/11,72,Y,1,0,0,0,1,NRR,0
5/11,117,Y,2,0,0,0,1,NRR,0
5/11,117,Y,1,0,0,1,0,NRR,0
5/11,128,Y,1,1,1,1,0,NRR,0
5/11,128,Y,1,0,1,1,1,NRR,0
5/11,108,Y,3,1,1,0,0,NRR,0
5/11,108,Y,1,0,0,1,0,NRR,0
5/11,108,Y,1,0,0,1,1,NRR,0
5/11,108,Y,2,0,1,1,0,NRR,0
5/11,128,Z,4,0,0,0,0,ABK,wt
5/11,128,Z,3,0,0,0,1,ABK,0
5/11,128,Z,2,1,1,0,1,ABK,0
5/11,128,Z,3,0,0,1,1,ABK,0
5/11,128,Z,1,0,0,1,0,ABK,0
5/11,128,Z,3,1,1,1,0,ABK,0
5/11,110,Z,3,0,0,0,0,ABK,wt
5/11,110,Z,2,1,1,0,0,ABK,0
5/11,110,Z,3,0,0,0,1,ABK,0
5/11,110,Z,4,0,0,1,1,ABK,0
5/11,110,Z,2,1,1,1,1,ABK,0
5/11,120,Z,1,0,0,0,0,ABK,wt
5/11,120,Z,1,1,1,0,0,ABK,0
5/11,120,Z,7,0,0,0,1,ABK,0
5/11,120,Z,3,0,0,1,0,ABK,0
5/11,120,Z,3,0,0,1,1,ABK,0
5/11,120,Z,3,1,1,1,1,ABK,0
5/11,111,Z,2,0,0,0,0,ABK,wt
5/11,111,Z,4,0,0,0,1,ABK,0
5/11,111,Z,1,1,1,0,0,ABK,0
5/11,111,Z,1,0,0,1,0,ABK,0
5/11,111,Z,1,1,1,1,1,ABK,0
5/11,111,Z,3,1,1,1,0,ABK,0
5/11,121,Z,2,0,0,0,0,ABK,wt
5/11,121,Z,1,1,1,0,0,ABK,0
5/11,121,Z,1,0,0,0,1,ABK,0
5/11,121,Z,1,1,1,1,0,ABK,0
5/11,11,Z,1,1,1,0,0,ABK,0
5/11,11,Z,1,0,0,1,0,ABK,0
5/11,11,Z,2,1,1,1,0,ABK,0
5/11,108,Z,1,0,0,0,0,ABK,wt
5/11,108,Z,1,1,1,0,0,ABK,0
5/11,108,Z,2,1,1,1,1,ABK,0
5/11,108,Z,2,1,1,1,0,ABK,0
5/11,108,Z,1,0,0,1,0,ABK,0
5/11,125,Z,2,0,0,0,0,ABK,wt
5/11,125,Z,3,1,1,1,0,ABK,0
5/11,115,Z,5,0,0,0,0,ABK,wt
5/11,115,Z,1,1,1,0,0,ABK,0
5/11,115,Z,3,0,0,0,1,ABK,0
5/11,118,Z,2,0,0,0,0,ABK,wt
5/11,118,Z,2,1,1,0,1,ABK,0
5/11,118,Z,1,0,0,0,1,ABK,0
5/11,118,Z,4,1,1,1,0,ABK,0
5/11,118,Z,2,1,1,1,1,ABK,0
5/11,118,Z,1,0,0,1,0,ABK,0
5/11,118,Z,1,0,0,1,1,ABK,0
5/11,116,Z,2,0,0,0,0,ABK,wt
5/11,116,Z,1,0,0,0,1,ABK,0
5/11,116,Z,1,0,0,1,0,ABK,0
5/11,116,Z,1,0,0,1,1,ABK,0
5/11,105,Z,1,0,0,0,0,ABK,wt
5/11,105,Z,2,0,0,0,1,ABK,0
5/11,105,Z,1,0,0,1,0,ABK,0
5/11,105,Z,1,0,0,1,1,ABK,0
5/11,105,Z,1,1,1,1,1,ABK,0
5/11,105,Z,1,1,1,1,0,ABK,0
5/11,13,Z,1,0,0,0,0,ABK,wt
5/11,13,Z,3,0,0,0,1,ABK,0
5/11,13,Z,1,0,0,1,1,ABK,0
5/11,13,Z,2,1,1,1,1,ABK,0
5/11,13,Z,1,1,1,1,0,ABK,0
5/11,122,Z,1,0,0,0,1,ABK,0
5/11,122,Z,1,0,0,1,0,ABK,0
5/11,122,Z,1,1,1,1,1,ABK,0
5/11,122,Z,1,1,1,1,0,ABK,0
5/11,114,Z,2,0,0,0,0,ABK,wt
5/11,114,Z,2,0,0,0,1,ABK,0
5/11,114,Z,1,0,0,1,0,ABK,0
5/11,114,Z,1,1,1,1,1,ABK,0
5/11,113,Z,1,0,0,0,0,ABK,wt
5/11,113,Z,1,0,0,0,1,ABK,0
5/11,11,X,1,0,0,0,0,HNT,wt
5/11,2,X,1,1,1,1,0,HNT,0
5/11,7,X,2,0,0,0,1,HNT,0
5/11,12,X,1,0,0,1,1,HNT,0
5/11,20,X,2,0,0,0,1,HNT,0
5/11,13,X,1,0,0,0,0,HNT,wt
5/11,26,X,1,0,0,0,1,HNT,0
5/11,28,X,1,0,0,0,1,HNT,0
5/11,28,X,2,0,0,1,1,HNT,0
5/11,28,X,1,1,1,1,1,HNT,0
5/11,29,X,2,1,1,1,1,HNT,0
5/11,29,X,1,1,1,0,1,HNT,0
5/11,34,X,1,1,1,1,1,HNT,0
5/11,37,X,1,1,0,0,0,HNT,0
5/11,37,X,1,0,0,0,1,HNT,0
5/11,37,X,1,0,0,0,0,HNT,wt
5/11,37,X,1,1,1,1,0,HNT,0
5/11,45,X,2,0,0,1,1,HNT,0
5/11,47,X,1,0,0,0,1,HNT,0
5/11,47,X,1,0,0,0,0,HNT,wt
5/11,49,X,1,0,0,1,1,HNT,0
5/11,49,X,1,0,0,1,0,HNT,0
5/11,52,X,1,1,1,0,1,HNT,0
5/11,55,X,1,1,1,1,1,HNT,0
5/11,55,X,1,1,1,1,0,HNT,0
5/11,58,X,1,0,0,0,1,HNT,0
5/11,58,X,1,0,0,1,0,HNT,0
5/11,62,X,1,1,1,1,1,HNT,0
5/11,66,X,1,0,0,1,0,HNT,0
5/11,66,X,1,0,0,1,1,HNT,0
5/11,66,X,1,0,0,0,0,HNT,wt
5/11,67,X,1,0,0,1,1,HNT,0
5/11,67,X,1,0,0,1,0,HNT,0
5/11,68,X,1,0,0,1,0,HNT,0
5/11,69,X,1,0,0,0,1,HNT,0
5/11,71,X,2,0,0,0,0,HNT,wt
5/11,71,X,1,1,1,0,1,HNT,0
5/11,72,X,2,0,0,0,1,HNT,0
5/11,75,X,2,1,1,1,0,HNT,0
5/11,77,X,1,0,0,0,0,HNT,wt
5/11,78,X,1,1,1,1,1,HNT,0
5/11,74,X,1,1,1,1,1,HNT,0
5/11,91,X,1,0,0,0,1,HNT,0
5/11,91,X,1,0,0,0,0,HNT,wt
5/11,82,X,1,0,0,0,0,HNT,wt
5/11,84,X,1,1,1,0,1,HNT,0
5/11,84,X,1,1,1,1,0,HNT,0
5/11,85,X,1,1,1,1,0,HNT,
5/11,97,X,1,0,0,0,0,HNT,wt
5/11,98,X,1,0,0,1,0,HNT,
6/11,114,Z,1,1,1,1,1,KEW,
6/11,114,Z,1,0,0,1,1,KEW,
6/11,114,Z,1,0,0,0,0,KEW,
6/11,8,Z,2,0,0,1,1,KEW,
6/11,127,Z,1,0,0,1,1,KEW,
6/11,127,Z,2,0,0,1,0,KEW,
6/11,127,Z,1,0,0,0,0,KEW,
6/11,118,Z,1,0,0,0,0,KEW,
6/11,118,Z,1,1,1,0,0,KEW,
6/11,118,Z,1,1,1,1,0,KEW,
6/11,118,Z,1,0,0,1,0,KEW,
6/11,5,Z,1,1,1,1,1,KEW,
6/11,5,Z,1,0,0,1,1,KEW,
6/11,5,Z,1,0,0,0,1,KEW,
6/11,40,Z,1,0,0,0,0,KEW,
6/11,40,Z,1,1,1,1,0,KEW,
6/11,82,Z,1,0,1,1,0,KEW,
6/11,82,Z,1,0,0,1,0,KEW,
6/11,82,Z,1,0,0,0,0,KEW,
6/11,72,Z,1,0,0,0,0,KEW,
6/11,72,Z,2,1,1,1,0,KEW,
6/11,66,Z,1,1,1,0,0,KEW,
6/11,14,Z,2,1,1,1,1,KEW,
6/11,14,Z,2,0,0,0,0,KEW,
6/11,120,Z,2,0,0,1,1,KEW,
6/11,120,Z,2,0,0,1,0,KEW,
6/11,120,Z,1,0,0,0,1,KEW,
6/11,120,Z,1,1,0,0,1,KEW,
6/11,115,Z,2,0,0,1,0,KEW,
6/11,115,Z,2,0,0,0,1,KEW,
6/11,115,Z,1,1,1,0,0,KEW,
6/11,110,Z,1,1,0,1,1,KEW,
6/11,110,Z,1,0,0,1,1,KEW,
6/11,110,Z,1,0,0,0,1,KEW,
6/11,110,Z,1,0,0,0,0,KEW,
6/11,128,Z,1,1,1,0,0,KEW,
6/11,128,Z,1,1,1,1,0,KEW,
5/11,103,X,1,0,0,0,0,KEW,
5/11,101,X,1,1,1,1,1,KEW,
5/11,101,X,1,0,0,1,1,KEW,
5/11,101,X,1,0,0,0,0,KEW,
5/11,108,X,1,0,0,0,0,KEW,
5/11,104,X,1,0,0,0,1,KEW,
5/11,104,X,1,1,1,1,0,KEW,
5/11,110,X,2,1,1,1,1,KEW,
5/11,110,X,1,1,1,1,0,KEW,
5/11,113,X,1,0,0,1,1,KEW,
5/11,114,X,1,1,1,1,0,KEW,
5/11,111,X,1,1,1,1,0,KEW,
5/11,115,X,1,0,0,1,0,KEW,
5/11,115,X,1,0,0,0,0,KEW,
5/11,117,X,1,1,1,0,1,KEW,
5/11,123,X,1,1,1,0,1,KEW,
5/11,123,X,1,0,0,0,1,KEW,
5/11,121,X,1,1,1,0,0,KEW,
5/11,121,X,1,0,0,1,1,KEW,
5/11,124,X,1,0,0,0,0,KEW,
5/11,127,X,1,0,0,1,1,KEW,
5/11,128,X,1,1,1,0,1,KEW,
5/11,128,X,1,1,1,1,1,KEW,
5/11,129,X,1,0,0,0,1,KEW,
5/11,95,X,1,0,0,1,1,KEW,
6/11,120,Y,2,0,0,0,0,AFB,
6/11,120,Y,1,0,0,1,1,AFB,
6/11,110,Y,1,0,0,0,0,AFB,
6/11,110,Y,1,0,0,1,1,AFB,
6/11,112,Y,1,1,1,1,1,AFB,
6/11,113,Y,1,1,1,0,0,AFB,
6/11,113,Y,1,0,0,1,1,AFB,
6/11,113,Y,1,0,0,1,0,AFB,
7/11,70,Y,2,0,0,0,0,AFB,
7/11,84,Y,2,0,0,0,0,AFB,
7/11,40,Y,1,1,1,1,0,AFB,
7/11,40,Y,3,0,0,1,1,AFB,
7/11,56,Y,1,0,0,0,0,AFB,
7/11,56,Y,1,0,0,1,1,AFB,
7/11,56,Y,1,1,1,1,1,AFB,
7/11,56,Y,1,1,1,1,0,AFB,
7/11,57,Y,1,0,0,0,0,AFB,
7/11,69,Y,1,1,1,0,0,AFB,
7/11,69,Y,1,1,1,1,0,AFB,
9/11,2,Y,1,0,0,1,0,NRR,
9/11,2,Y,1,1,1,1,1,NRR,
9/11,7,Y,1,1,1,1,0,NRR,
9/11,7,Y,1,1,1,1,1,NRR,
9/11,8,Y,1,1,1,1,0,NRR,
9/11,9,Y,1,0,0,1,1,NRR,
9/11,15,Y,1,0,0,1,1,NRR,
9/11,15,Y,1,1,1,1,1,NRR,
9/11,21,Y,1,1,1,0,0,NRR,
9/11,23,Y,1,0,1,0,0,NRR,
9/11,24,Y,1,0,0,0,1,NRR,
9/11,26,Y,1,0,0,0,1,NRR,
9/11,26,Y,1,1,1,1,0,NRR,
9/11,28,Y,1,0,0,0,1,NRR,
9/11,34,Y,1,0,1,1,0,NRR,
9/11,34,Y,1,1,1,0,0,NRR,
9/11,37,Y,1,0,1,1,0,NRR,
9/11,37,Y,1,0,1,0,1,NRR,
9/11,39,Y,1,0,0,1,1,NRR,
9/11,42,Y,1,1,1,0,0,NRR,
9/11,42,Y,1,0,0,1,0,NRR,
9/11,42,Y,1,1,1,1,1,NRR,
9/11,42,Y,1,1,1,1,0,NRR,
9/11,54,Y,1,0,0,1,1,NRR,
9/11,68,Y,1,1,1,1,0,NRR,
9/11,73,Y,1,0,0,1,1,NRR,
9/11,78,Y,1,1,1,1,0,NRR,
9/11,85,Y,1,0,0,0,1,NRR,
9/11,85,Y,1,0,0,1,0,NRR,
9/11,85,Y,1,0,1,1,1,NRR,
9/11,87,Y,1,1,1,1,0,NRR,
9/11,96,Y,1,0,0,0,1,NRR,
9/11,97,Y,1,0,0,1,1,NRR,
9/11,101,Y,1,0,0,1,1,NRR,
9/11,110,Y,1,1,1,1,1,NRR,
9/11,116,Y,2,0,0,0,1,NRR,
9/11,121,Y,1,0,0,0,1,NRR,
9/11,122,Y,1,0,0,1,1,NRR,
9/11,122,Y,1,1,1,1,1,NRR,
9/11,123,Y,1,1,1,0,0,NRR,
9/11,127,Y,1,0,0,0,1,NRR,
9/11,129,Y,1,1,1,1,0,NRR,
8/11,25,Y,1,1,1,1,1,NRR,
8/11,48,Y,1,1,1,0,0,NRR,
8/11,49,Y,1,1,1,0,0,NRR,
9/11,9,V,1,0,0,0,1,UHA,
9/11,4,V,2,0,0,0,1,UHA,
9/11,20,V,1,0,0,0,0,UHA,
9/11,20,V,1,0,0,0,1,UHA,
9/11,18,V,1,0,0,0,0,UHA,
9/11,12,V,2,0,0,0,1,UHA,
9/11,12,V,1,1,1,0,0,UHA,
9/11,11,V,1,1,1,1,0,UHA,
9/11,30,V,1,0,1,0,1,UHA,
9/11,29,V,1,0,0,0,1,UHA,
9/11,29,V,1,0,0,0,0,UHA,
9/11,24,V,1,0,0,0,0,UHA,
9/11,22,V,3,0,1,0,1,UHA,
9/11,22,V,1,1,1,1,1,UHA,
9/11,21,V,1,0,0,1,0,UHA,
9/11,40,V,2,1,1,1,0,UHA,
9/11,40,V,1,0,0,0,0,UHA,
9/11,39,V,2,1,1,1,0,UHA,
9/11,39,V,1,0,1,0,0,UHA,
9/11,39,V,1,0,0,0,0,UHA,
9/11,35,V,4,0,0,0,0,UHA,
9/11,34,V,1,0,0,1,1,UHA,
9/11,34,V,1,1,1,1,1,UHA,
9/11,47,V,2,0,0,0,0,UHA,
9/11,45,V,1,0,1,1,0,UHA,
9/11,56,V,1,0,0,0,1,UHA,
9/11,58,V,1,0,0,1,1,UHA,
9/11,58,V,1,0,1,0,1,UHA,
9/11,42,V,2,1,1,1,1,UHA,
9/11,42,V,2,0,0,1,0,UHA,
9/11,52,V,1,0,0,0,1,UHA,
9/11,62,V,2,0,0,0,0,UHA,
9/11,77,V,1,0,1,1,1,UHA,
9/11,77,V,2,0,0,0,1,UHA,
9/11,95,V,2,1,1,1,0,UHA,
9/11,95,V,2,0,0,1,1,UHA,
9/11,73,V,2,0,0,0,1,UHA,
9/11,73,V,1,1,1,1,1,UHA,
9/11,90,V,1,0,0,1,0,UHA,
9/11,90,V,1,0,0,1,1,UHA,
9/11,93,V,3,0,0,1,0,UHA,
9/11,82,V,2,0,0,0,1,UHA,
9/11,72,V,1,0,0,0,1,UHA,
9/11,72,V,2,0,0,0,0,UHA,
9/11,105,V,2,1,1,1,1,UHA,
9/11,105,V,1,0,1,1,1,UHA,
9/11,105,V,1,0,1,0,1,UHA,
9/11,19,V,1,1,1,1,1,UHA,
9/11,110,V,2,0,0,0,0,UHA,
9/11,110,V,3,1,1,0,1,UHA,
9/11,123,V,1,0,0,0,0,UHA,
9/11,125,V,1,0,0,0,0,UHA,
9/11,120,V,1,0,0,0,0,UHA,
9/11,111,V,2,0,0,1,0,UHA,
9/11,111,V,2,0,0,0,0,UHA,
9/11,111,V,2,0,0,0,1,UHA,
9/11,113,V,1,0,0,0,0,UHA,
9/11,119,V,1,0,0,1,0,UHA,
9/11,119,V,1,0,0,0,1,UHA,
9/11,127,V,1,0,0,0,1,UHA,
11/11,24,Z,1,1,1,1,0,AFB,
11/11,24,Z,2,0,0,0,0,AFB,
11/11,26,Z,1,0,0,0,1,AFB,
11/11,26,Z,1,1,1,1,1,AFB,
11/11,125,Z,1,0,0,0,0,AFB,
11/11,125,Z,1,0,0,1,0,AFB,
11/11,29,Z,1,0,0,0,0,AFB,
11/11,60,Z,1,0,0,0,1,AFB,
11/11,60,Z,1,0,0,1,0,AFB,
11/11,75,Z,2,0,0,0,1,AFB,
11/11,124,Z,1,0,0,0,1,AFB,
11/11,124,Z,1,0,0,0,0,AFB,
11/11,124,Z,1,1,1,0,0,AFB,
11/11,2,Z,1,0,0,0,0,AFB,
11/11,3,Z,2,0,0,0,0,AFB,
11/11,3,Z,1,0,0,0,1,AFB,
11/11,3,Z,1,1,1,0,0,AFB,
11/11,105,W,1,0,0,0,1,ABK,
11/11,114,W,1,0,0,0,0,ABK,wt
11/11,114,W,1,1,1,0,0,ABK,
11/11,114,W,1,0,0,1,0,ABK,
11/11,115,W,1,0,0,0,1,ABK,
11/11,13,W,1,1,1,1,1,ABK,
11/11,128,W,2,0,0,0,0,ABK,wt
11/11,29,W,1,0,0,1,0,ABK,
11/11,29,W,1,0,0,1,1,ABK,
11/11,111,W,1,0,0,0,1,ABK,
11/11,111,W,1,0,0,1,0,ABK,
11/11,98,W,1,0,0,0,0,ABK,wt
11/11,98,W,1,0,0,1,0,ABK,
11/11,113,W,1,1,1,0,0,ABK,
11/11,103,W,1,1,1,1,1,ABK,
11/11,103,W,2,0,0,1,0,ABK,
11/11,118,W,1,1,1,0,1,ABK,
11/11,123,W,1,0,0,0,1,ABK,
11/11,123,W,1,1,1,0,0,ABK,
11/11,109,W,2,0,0,0,1,ABK,
11/11,107,W,1,0,0,0,0,ABK,wt
11/11,101,W,1,0,0,1,1,ABK,
11/11,3,W,1,0,0,0,0,ABK,wt
11/11,6,W,1,0,0,0,0,ABK,wt
11/11,8,W,1,0,0,1,1,ABK,
11/11,11,W,1,1,1,1,1,ABK,
11/11,26,W,1,1,1,0,0,ABK,
11/11,26,W,1,1,1,1,0,ABK,
11/11,19,W,1,1,1,1,0,ABK,
11/11,23,W,1,0,0,0,0,ABK,wt
11/11,45,W,1,1,1,1,1,ABK,
11/11,45,W,1,0,0,1,1,ABK,
11/11,47,W,1,0,0,1,0,ABK,
11/11,56,W,1,1,1,1,0,ABK,
11/11,57,W,2,1,1,1,1,ABK,
11/11,57,W,1,1,1,1,0,ABK,
11/11,60,W,1,0,0,0,0,ABK,wt
11/11,65,W,1,0,0,0,0,ABK,wt
11/11,67,W,1,1,1,1,1,ABK,
11/11,68,W,1,1,1,1,0,ABK,
11/11,89,W,1,0,0,1,1,ABK,
11/11,89,W,1,1,1,1,0,ABK,
11/11,70,W,1,0,0,0,1,ABK,
11/11,84,W,1,0,0,0,0,ABK,wt
11/11,95,W,1,0,0,0,0,ABK,wt
11/11,95,W,1,0,0,1,0,ABK,
11/11,82,W,1,0,0,1,1,ABK,
